2026-09-02 21:12:13 [INFO] Found 382 movie file(s) and 382 syncable subtitle sidecar(s).
2026-09-02 21:12:13 [INFO] [1/382] syncing 10 Cloverfield Lane (2016).eng.srt against 10 Cloverfield Lane (2016).mkv
2026-09-02 21:12:58 [INFO] ffsubsync measured: offset -0.040s, framerate x1.000, score 316097.0
2026-09-02 21:12:58 [INFO] [1/382] IN_SYNC  10 Cloverfield Lane (2016).eng.srt in 44.5s (already aligned (offset -0.040s, below the 0.1s threshold); original untouched)
2026-09-02 21:12:58 [INFO] [2/382] syncing 10 Things I Hate About You (1999).eng.srt against 10 Things I Hate About You (1999).mkv
2026-09-02 21:14:04 [INFO] ffsubsync measured: offset +0.080s, framerate x1.000, score 129554.0
2026-09-02 21:14:04 [INFO] [2/382] IN_SYNC  10 Things I Hate About You (1999).eng.srt in 66.1s (already aligned (offset +0.080s, below the 0.1s threshold); original untouched)
2026-09-02 21:14:04 [INFO] [3/382] syncing 12 Years a Slave (2013).eng.srt against 12 Years a Slave (2013).mkv
2026-09-02 21:15:43 [INFO] ffsubsync measured: offset -0.040s, framerate x1.000, score 347638.0
2026-09-02 21:15:43 [INFO] [3/382] IN_SYNC  12 Years a Slave (2013).eng.srt in 98.6s (already aligned (offset -0.040s, below the 0.1s threshold); original untouched)
2026-09-02 21:15:43 [INFO] [4/382] syncing 13 Hours - The Secret Soldiers of Benghazi (2016).eng.srt against 13 Hours - The Secret Soldiers of Benghazi (2016).mkv
2026-09-02 21:17:05 [INFO] ffsubsync measured: offset -0.010s, framerate x1.000, score 112280.0
2026-09-02 21:17:05 [INFO] [4/382] IN_SYNC  13 Hours - The Secret Soldiers of Benghazi (2016).eng.srt in 82.6s (already aligned (offset -0.010s, below the 0.1s threshold); original untouched)
2026-09-02 21:17:05 [INFO] [5/382] syncing 1917 (2019).eng.srt against 1917 (2019).mkv
2026-09-02 21:18:18 [INFO] ffsubsync measured: offset +0.000s, framerate x1.000, score 246485.0
2026-09-02 21:18:18 [INFO] [5/382] IN_SYNC  1917 (2019).eng.srt in 72.8s (already aligned (offset +0.000s, below the 0.1s threshold); original untouched)
2026-09-02 21:18:18 [INFO] [6/382] syncing 2001 - A Space Odyssey (1968).eng.srt against 2001 - A Space Odyssey (1968).mkv
2026-09-02 21:19:33 [INFO] ffsubsync measured: offset +0.020s, framerate x1.000, score 410909.0
2026-09-02 21:19:33 [INFO] [6/382] IN_SYNC  2001 - A Space Odyssey (1968).eng.srt in 74.5s (already aligned (offset +0.020s, below the 0.1s threshold); original untouched)
2026-09-02 21:19:33 [INFO] [7/382] syncing 21 Jump Street (2012).eng.srt against 21 Jump Street (2012).mkv
2026-09-02 21:20:23 [INFO] ffsubsync measured: offset +0.060s, framerate x1.000, score 43037.0
2026-09-02 21:20:23 [INFO] [7/382] IN_SYNC  21 Jump Street (2012).eng.srt in 50.5s (already aligned (offset +0.060s, below the 0.1s threshold); original untouched)
2026-09-02 21:20:23 [INFO] [8/382] syncing 22 Jump Street (2014).eng.srt against 22 Jump Street (2014).mkv
2026-09-02 21:21:24 [INFO] ffsubsync measured: offset +0.070s, framerate x1.000, score 20538.0
2026-09-02 21:21:24 [INFO] [8/382] IN_SYNC  22 Jump Street (2014).eng.srt in 60.7s (already aligned (offset +0.070s, below the 0.1s threshold); original untouched)
2026-09-02 21:21:24 [INFO] [9/382] syncing 300 (2006).eng.srt against 300 (2006).mkv
2026-09-02 21:22:19 [INFO] ffsubsync measured: offset +0.000s, framerate x1.000, score 182992.0
2026-09-02 21:22:19 [INFO] [9/382] IN_SYNC  300 (2006).eng.srt in 55.4s (already aligned (offset +0.000s, below the 0.1s threshold); original untouched)
2026-09-02 21:22:19 [INFO] [10/382] syncing 42 (2013).eng.sdh.srt against 42 (2013).mkv
2026-09-02 21:23:23 [INFO] ffsubsync measured: offset +0.090s, framerate x1.000, score 162554.0
2026-09-02 21:23:23 [INFO] [10/382] IN_SYNC  42 (2013).eng.sdh.srt in 63.4s (already aligned (offset +0.090s, below the 0.1s threshold); original untouched)
2026-09-02 21:23:23 [INFO] [11/382] syncing 50 First Dates (2004).eng.srt against 50 First Dates (2004).mkv
2026-09-02 21:24:19 [INFO] ffsubsync measured: offset -0.050s, framerate x1.000, score 57862.0
2026-09-02 21:24:19 [INFO] [11/382] IN_SYNC  50 First Dates (2004).eng.srt in 56.1s (already aligned (offset -0.050s, below the 0.1s threshold); original untouched)
2026-09-02 21:24:19 [INFO] [12/382] syncing 500 Days of Summer (2009).eng.srt against 500 Days of Summer (2009).mkv
2026-09-02 21:24:58 [INFO] ffsubsync measured: offset -0.070s, framerate x1.000, score 68110.0
2026-09-02 21:24:58 [INFO] [12/382] IN_SYNC  500 Days of Summer (2009).eng.srt in 38.9s (already aligned (offset -0.070s, below the 0.1s threshold); original untouched)
2026-09-02 21:24:58 [INFO] [13/382] syncing 8 Mile (2002).eng.srt against 8 Mile (2002).mkv
2026-09-02 21:25:44 [INFO] ffsubsync measured: offset +0.000s, framerate x1.000, score 92126.0
2026-09-02 21:25:44 [INFO] [13/382] IN_SYNC  8 Mile (2002).eng.srt in 46.7s (already aligned (offset +0.000s, below the 0.1s threshold); original untouched)
2026-09-02 21:25:44 [INFO] [14/382] syncing 9 (2009).eng.srt against 9 (2009).mkv
2026-09-02 21:26:16 [INFO] ffsubsync measured: offset -0.050s, framerate x1.000, score 169258.0
2026-09-02 21:26:16 [INFO] [14/382] IN_SYNC  9 (2009).eng.srt in 32.1s (already aligned (offset -0.050s, below the 0.1s threshold); original untouched)
2026-09-02 21:26:16 [INFO] [15/382] syncing A Beautiful Mind (2001).eng.srt against A Beautiful Mind (2001).mkv
2026-09-02 21:28:01 [INFO] ffsubsync measured: offset +0.000s, framerate x1.000, score 237514.0
2026-09-02 21:28:01 [INFO] [15/382] IN_SYNC  A Beautiful Mind (2001).eng.srt in 104.8s (already aligned (offset +0.000s, below the 0.1s threshold); original untouched)
2026-09-02 21:28:01 [INFO] [16/382] syncing A Christmas Story (1983).eng.srt against A Christmas Story (1983).mkv
2026-09-02 21:28:53 [INFO] ffsubsync measured: offset +0.000s, framerate x1.000, score 187107.0
2026-09-02 21:28:53 [INFO] [16/382] IN_SYNC  A Christmas Story (1983).eng.srt in 51.8s (already aligned (offset +0.000s, below the 0.1s threshold); original untouched)
2026-09-02 21:28:53 [INFO] [17/382] syncing A I Artificial Intelligence (2001).eng.srt against A I Artificial Intelligence (2001).mkv
2026-09-02 21:30:10 [INFO] ffsubsync measured: offset +0.000s, framerate x1.000, score 224329.0
2026-09-02 21:30:10 [INFO] [17/382] IN_SYNC  A I Artificial Intelligence (2001).eng.srt in 77.1s (already aligned (offset +0.000s, below the 0.1s threshold); original untouched)
2026-09-02 21:30:10 [INFO] [18/382] syncing A Quiet Place (2018).eng.srt against A Quiet Place (2018).mkv
2026-09-02 21:30:41 [INFO] ffsubsync measured: offset +38.920s, framerate x1.043, score 401559.9
2026-09-02 21:30:44 [INFO] fetched replacement subtitle id=1234705 (A.Quiet.Place.2018.1080p.WEB-DL.DD5.1.H264-FGT); retrying ffsubsync
2026-09-02 21:31:09 [INFO] ffsubsync measured: offset +57.760s, framerate x1.043, score 404595.0
2026-09-02 21:31:12 [INFO] fetched replacement subtitle id=4777493 (A.Quiet.Place.2018.1080p.BluRay.x264-.YTS.AM); retrying ffsubsync
2026-09-02 21:31:37 [INFO] ffsubsync measured: offset +15.100s, framerate x1.043, score 386996.5
2026-09-02 21:31:37 [INFO] [18/382] SYNCED   A Quiet Place (2018).eng.srt in 87.2s (offset +15.100s, framerate x1.043)
2026-09-02 21:31:37 [INFO] [19/382] syncing A Quiet Place Part II (2021).eng.srt against A Quiet Place Part II (2021).mkv
2026-09-02 21:32:31 [INFO] ffsubsync measured: offset +41.000s, framerate x1.043, score 416131.1
2026-09-02 21:32:33 [INFO] fetched replacement subtitle id=subdl:url:e7db8ae5ea255b31ebd368fe (A.Quite.Place.Part.II.720p.WEBRip.x264-[YTS.LT]); retrying ffsubsync
2026-09-02 21:32:49 [INFO] ffsubsync measured: offset +26.590s, framerate x1.043, score 393969.9
2026-09-02 21:32:49 [INFO] [19/382] SYNCED   A Quiet Place Part II (2021).eng.srt in 71.5s (offset +26.590s, framerate x1.043)
2026-09-02 21:32:49 [INFO] [20/382] syncing About Time (2013).eng.srt against About Time (2013).mkv
2026-09-02 21:33:58 [INFO] ffsubsync measured: offset -0.040s, framerate x1.000, score 99985.0
2026-09-02 21:33:58 [INFO] [20/382] IN_SYNC  About Time (2013).eng.srt in 69.7s (already aligned (offset -0.040s, below the 0.1s threshold); original untouched)
2026-09-02 21:33:58 [INFO] [21/382] syncing Accepted (2006).eng.srt against Accepted (2006).mkv
2026-09-02 21:35:24 [INFO] ffsubsync measured: offset -0.040s, framerate x1.000, score -46606.0
2026-09-02 21:35:27 [INFO] fetched replacement subtitle id=5307978 (Accepted.2006.1080p.BluRay.H264.AAC-RARBG.en); retrying ffsubsync
2026-09-02 21:36:53 [INFO] ffsubsync measured: offset -0.950s, framerate x1.000, score -1139.0
2026-09-02 21:36:57 [INFO] fetched replacement subtitle id=8258576 (Accepted.2006.1080p.BluRay.x264.DTS-FGT.eng); retrying ffsubsync
2026-09-02 21:38:22 [INFO] ffsubsync measured: offset -0.040s, framerate x1.000, score -46606.0
2026-09-02 21:38:24 [INFO] [21/382] REVIEW   Accepted (2006).eng.srt in 263.3s (ffsubsync's quality gate rejected the alignment; original kept for review; replacement fetch stopped: no unused qualifying English SRT for a replacement fetch)
2026-09-02 21:38:24 [INFO] [22/382] syncing Air (2023).eng.sdh.srt against Air (2023).mkv
2026-09-02 21:39:28 [INFO] ffsubsync measured: offset +0.000s, framerate x1.000, score 40669.0
2026-09-02 21:39:28 [INFO] [22/382] IN_SYNC  Air (2023).eng.sdh.srt in 64.0s (already aligned (offset +0.000s, below the 0.1s threshold); original untouched)
2026-09-02 21:39:28 [INFO] [23/382] syncing Aladdin (1992).eng.srt against Aladdin (1992).mkv
2026-09-02 21:40:42 [INFO] ffsubsync measured: offset +4.450s, framerate x1.000, score -101908.0
2026-09-02 21:40:45 [INFO] fetched replacement subtitle id=326032 (Aladdin.1992.1080p.BluRay.X264-AMIABLE); retrying ffsubsync
2026-09-02 21:42:00 [INFO] ffsubsync measured: offset +5.150s, framerate x1.000, score -126608.0
2026-09-02 21:42:03 [INFO] fetched replacement subtitle id=8223655 (Aladdin.1992.REPACK.1080p.BluRay.x264.AAC5.1-[YTS.MX].en); retrying ffsubsync
2026-09-02 21:43:17 [INFO] ffsubsync measured: offset +5.130s, framerate x1.000, score -52705.0
2026-09-02 21:43:20 [INFO] fetched replacement subtitle id=4947207 (Aladdin.1992.1080p.BluRay.H264.AAC-RARBG); retrying ffsubsync
2026-09-02 21:44:34 [INFO] ffsubsync measured: offset +37.710s, framerate x1.043, score 317887.9
2026-09-02 21:44:37 [INFO] fetched replacement subtitle id=326403 (Aladdin.1992.1080p.BluRay.x264.anoXmous_eng); retrying ffsubsync
2026-09-02 21:45:52 [INFO] ffsubsync measured: offset +5.120s, framerate x1.000, score -78348.0
2026-09-02 21:45:55 [INFO] fetched replacement subtitle id=5076465 (Aladdin.1992.1080p.BluRay.x264.DTS-HD.MA.7.1-SWTYBLZ); retrying ffsubsync
2026-09-02 21:47:10 [INFO] ffsubsync measured: offset +4.450s, framerate x1.000, score -101908.0
2026-09-02 21:47:10 [INFO] [23/382] REVIEW   Aladdin (1992).eng.srt in 461.5s (ffsubsync's quality gate rejected the alignment; original kept for review)
2026-09-02 21:47:10 [INFO] [24/382] syncing Alien (1979).eng.sdh.srt against Alien (1979).mkv
2026-09-02 21:48:18 [INFO] ffsubsync measured: offset +0.000s, framerate x1.000, score 258564.0
2026-09-02 21:48:18 [INFO] [24/382] IN_SYNC  Alien (1979).eng.sdh.srt in 68.1s (already aligned (offset +0.000s, below the 0.1s threshold); original untouched)
2026-09-02 21:48:18 [INFO] [25/382] syncing Aliens (1986).eng.srt against Aliens (1986).mkv
2026-09-02 21:49:45 [INFO] ffsubsync measured: offset +0.000s, framerate x1.000, score 274538.0
2026-09-02 21:49:45 [INFO] [25/382] IN_SYNC  Aliens (1986).eng.srt in 87.5s (already aligned (offset +0.000s, below the 0.1s threshold); original untouched)
2026-09-02 21:49:45 [INFO] [26/382] syncing All Quiet on the Western Front (2022).eng.sdh.srt against All Quiet on the Western Front (2022).mkv
2026-09-02 21:51:19 [INFO] ffsubsync measured: offset +0.010s, framerate x1.000, score 522705.0
2026-09-02 21:51:19 [INFO] [26/382] IN_SYNC  All Quiet on the Western Front (2022).eng.sdh.srt in 93.4s (already aligned (offset +0.010s, below the 0.1s threshold); original untouched)
2026-09-02 21:51:19 [INFO] [27/382] syncing American History X (1998).eng.srt against American History X (1998).mkv
2026-09-02 21:52:19 [INFO] ffsubsync measured: offset +0.000s, framerate x1.000, score 122808.0
2026-09-02 21:52:19 [INFO] [27/382] IN_SYNC  American History X (1998).eng.srt in 60.4s (already aligned (offset +0.000s, below the 0.1s threshold); original untouched)
2026-09-02 21:52:19 [INFO] [28/382] syncing American Pie (1999).eng.srt against American Pie (1999).mkv
2026-09-02 21:53:13 [INFO] ffsubsync measured: offset +0.000s, framerate x1.000, score 27101.0
2026-09-02 21:53:13 [INFO] [28/382] IN_SYNC  American Pie (1999).eng.srt in 54.0s (already aligned (offset +0.000s, below the 0.1s threshold); original untouched)
2026-09-02 21:53:13 [INFO] [29/382] syncing American Psycho (2000).eng.srt against American Psycho (2000).mkv
2026-09-02 21:54:16 [INFO] ffsubsync measured: offset +0.080s, framerate x1.000, score 62175.0
2026-09-02 21:54:16 [INFO] [29/382] IN_SYNC  American Psycho (2000).eng.srt in 62.5s (already aligned (offset +0.080s, below the 0.1s threshold); original untouched)
2026-09-02 21:54:16 [INFO] [30/382] syncing American Sniper (2014).eng.srt against American Sniper (2014).mkv
2026-09-02 21:55:06 [INFO] ffsubsync measured: offset +0.000s, framerate x1.000, score 202395.0
2026-09-02 21:55:06 [INFO] [30/382] IN_SYNC  American Sniper (2014).eng.srt in 50.2s (already aligned (offset +0.000s, below the 0.1s threshold); original untouched)
2026-09-02 21:55:06 [INFO] [31/382] syncing Annihilation (2018).eng.srt against Annihilation (2018).mkv
2026-09-02 21:56:06 [INFO] ffsubsync measured: offset +0.000s, framerate x1.000, score 380682.0
2026-09-02 21:56:06 [INFO] [31/382] IN_SYNC  Annihilation (2018).eng.srt in 60.3s (already aligned (offset +0.000s, below the 0.1s threshold); original untouched)
2026-09-02 21:56:06 [INFO] [32/382] syncing Apollo 13 (1995).eng.sdh.srt against Apollo 13 (1995).mkv
2026-09-02 21:56:59 [INFO] ffsubsync measured: offset +0.000s, framerate x1.000, score 71649.0
2026-09-02 21:56:59 [INFO] [32/382] IN_SYNC  Apollo 13 (1995).eng.sdh.srt in 52.6s (already aligned (offset +0.000s, below the 0.1s threshold); original untouched)
2026-09-02 21:56:59 [INFO] [33/382] syncing Arrival (2016).eng.srt against Arrival (2016).mkv
2026-09-02 21:57:46 [INFO] ffsubsync measured: offset +0.000s, framerate x1.000, score 171017.0
2026-09-02 21:57:46 [INFO] [33/382] IN_SYNC  Arrival (2016).eng.srt in 47.0s (already aligned (offset +0.000s, below the 0.1s threshold); original untouched)
2026-09-02 21:57:46 [INFO] [34/382] syncing Avatar (2009).eng.srt against Avatar (2009).mkv
2026-09-02 21:58:53 [INFO] ffsubsync measured: offset -0.050s, framerate x1.000, score 351169.0
2026-09-02 21:58:53 [INFO] [34/382] IN_SYNC  Avatar (2009).eng.srt in 67.4s (already aligned (offset -0.050s, below the 0.1s threshold); original untouched)
2026-09-02 21:58:53 [INFO] [35/382] syncing Avengers Age of Ultron (2015).eng.srt against Avengers Age of Ultron (2015).mkv
2026-09-02 21:59:29 [INFO] ffsubsync measured: offset -0.010s, framerate x1.000, score 144100.0
2026-09-02 21:59:29 [INFO] [35/382] IN_SYNC  Avengers Age of Ultron (2015).eng.srt in 35.4s (already aligned (offset -0.010s, below the 0.1s threshold); original untouched)
2026-09-02 21:59:29 [INFO] [36/382] syncing Avengers Endgame (2019).eng.srt against Avengers Endgame (2019).mkv
2026-09-02 22:00:09 [INFO] ffsubsync measured: offset +0.000s, framerate x1.000, score 336417.0
2026-09-02 22:00:09 [INFO] [36/382] IN_SYNC  Avengers Endgame (2019).eng.srt in 40.2s (already aligned (offset +0.000s, below the 0.1s threshold); original untouched)
2026-09-02 22:00:09 [INFO] [37/382] syncing Avengers Infinity War (2018).eng.srt against Avengers Infinity War (2018).mkv
2026-09-02 22:00:46 [INFO] ffsubsync measured: offset +0.000s, framerate x1.000, score 229622.0
2026-09-02 22:00:46 [INFO] [37/382] IN_SYNC  Avengers Infinity War (2018).eng.srt in 37.3s (already aligned (offset +0.000s, below the 0.1s threshold); original untouched)
2026-09-02 22:00:46 [INFO] [38/382] syncing Back to the Future (1985).eng.srt against Back to the Future (1985).mkv
2026-09-02 22:01:49 [INFO] ffsubsync measured: offset +0.000s, framerate x1.000, score 131625.0
2026-09-02 22:01:49 [INFO] [38/382] IN_SYNC  Back to the Future (1985).eng.srt in 62.7s (already aligned (offset +0.000s, below the 0.1s threshold); original untouched)
2026-09-02 22:01:49 [INFO] [39/382] syncing Back to the Future Part II (1989).eng.srt against Back to the Future Part II (1989).mkv
2026-09-02 22:02:45 [INFO] ffsubsync measured: offset -0.080s, framerate x1.000, score 129457.0
2026-09-02 22:02:45 [INFO] [39/382] IN_SYNC  Back to the Future Part II (1989).eng.srt in 55.6s (already aligned (offset -0.080s, below the 0.1s threshold); original untouched)
2026-09-02 22:02:45 [INFO] [40/382] syncing Back to the Future Part III (1990).eng.srt against Back to the Future Part III (1990).mkv
2026-09-02 22:03:40 [INFO] ffsubsync measured: offset +0.000s, framerate x1.000, score 191783.0
2026-09-02 22:03:40 [INFO] [40/382] IN_SYNC  Back to the Future Part III (1990).eng.srt in 55.5s (already aligned (offset +0.000s, below the 0.1s threshold); original untouched)
2026-09-02 22:03:40 [INFO] [41/382] syncing Backrooms (2026).eng.sdh.srt against Backrooms (2026).mkv
2026-09-02 22:04:40 [INFO] ffsubsync measured: offset -0.300s, framerate x1.000, score 315913.0
2026-09-02 22:04:40 [INFO] [41/382] SYNCED   Backrooms (2026).eng.sdh.srt in 59.6s (offset -0.300s, framerate x1.000)
2026-09-02 22:04:40 [INFO] [42/382] syncing Barbie (2023).eng.srt against Barbie (2023).mkv
2026-09-02 22:05:13 [INFO] ffsubsync measured: offset +57.690s, framerate x1.001, score 2577.3
2026-09-02 22:05:16 [INFO] [42/382] REVIEW   Barbie (2023).eng.srt in 33.4s (ffsubsync's quality gate rejected the alignment; original kept for review; replacement fetch stopped: no unused qualifying English SRT for a replacement fetch)
2026-09-02 22:05:16 [INFO] [43/382] syncing Batman Begins (2005).eng.srt against Batman Begins (2005).mkv
2026-09-02 22:06:18 [INFO] ffsubsync measured: offset +0.000s, framerate x1.000, score 131885.0
2026-09-02 22:06:18 [INFO] [43/382] IN_SYNC  Batman Begins (2005).eng.srt in 62.4s (already aligned (offset +0.000s, below the 0.1s threshold); original untouched)
2026-09-02 22:06:18 [INFO] [44/382] syncing Bee Movie (2007).eng.srt against Bee Movie (2007).mkv
2026-09-02 22:06:49 [INFO] ffsubsync measured: offset +0.000s, framerate x1.000, score 88392.0
2026-09-02 22:06:49 [INFO] [44/382] IN_SYNC  Bee Movie (2007).eng.srt in 30.6s (already aligned (offset +0.000s, below the 0.1s threshold); original untouched)
2026-09-02 22:06:49 [INFO] [45/382] syncing Black Hawk Down (2001).eng.srt against Black Hawk Down (2001).mkv
2026-09-02 22:08:25 [INFO] ffsubsync measured: offset -0.040s, framerate x1.000, score 203139.0
2026-09-02 22:08:25 [INFO] [45/382] IN_SYNC  Black Hawk Down (2001).eng.srt in 96.7s (already aligned (offset -0.040s, below the 0.1s threshold); original untouched)
2026-09-02 22:08:25 [INFO] [46/382] syncing Black Panther (2018).eng.srt against Black Panther (2018).mkv
2026-09-02 22:09:14 [INFO] ffsubsync measured: offset +0.000s, framerate x1.000, score 338272.0
2026-09-02 22:09:14 [INFO] [46/382] IN_SYNC  Black Panther (2018).eng.srt in 48.5s (already aligned (offset +0.000s, below the 0.1s threshold); original untouched)
2026-09-02 22:09:14 [INFO] [47/382] syncing Blade Runner (1982).eng.srt against Blade Runner (1982).mkv
2026-09-02 22:10:27 [INFO] ffsubsync measured: offset -0.090s, framerate x1.000, score 355916.0
2026-09-02 22:10:27 [INFO] [47/382] IN_SYNC  Blade Runner (1982).eng.srt in 72.9s (already aligned (offset -0.090s, below the 0.1s threshold); original untouched)
2026-09-02 22:10:27 [INFO] [48/382] syncing Blade Runner 2049 (2017).eng.srt against Blade Runner 2049 (2017).mkv
2026-09-02 22:11:53 [INFO] ffsubsync measured: offset +0.000s, framerate x1.000, score 492110.0
2026-09-02 22:11:53 [INFO] [48/382] IN_SYNC  Blade Runner 2049 (2017).eng.srt in 86.0s (already aligned (offset +0.000s, below the 0.1s threshold); original untouched)
2026-09-02 22:11:53 [INFO] [49/382] syncing Blended (2014).eng.srt against Blended (2014).mkv
2026-09-02 22:12:35 [INFO] ffsubsync measured: offset +0.070s, framerate x1.000, score 23543.0
2026-09-02 22:12:35 [INFO] [49/382] IN_SYNC  Blended (2014).eng.srt in 41.9s (already aligned (offset +0.070s, below the 0.1s threshold); original untouched)
2026-09-02 22:12:35 [INFO] [50/382] syncing Bohemian Rhapsody (2018).eng.srt against Bohemian Rhapsody (2018).mkv
2026-09-02 22:13:49 [INFO] ffsubsync measured: offset +0.080s, framerate x1.000, score 176443.0
2026-09-02 22:13:49 [INFO] [50/382] IN_SYNC  Bohemian Rhapsody (2018).eng.srt in 73.9s (already aligned (offset +0.080s, below the 0.1s threshold); original untouched)
2026-09-02 22:13:49 [INFO] [51/382] syncing Borat (2006).eng.srt against Borat (2006).mkv
2026-09-02 22:14:30 [INFO] ffsubsync measured: offset -0.030s, framerate x1.000, score 51263.0
2026-09-02 22:14:30 [INFO] [51/382] IN_SYNC  Borat (2006).eng.srt in 41.5s (already aligned (offset -0.030s, below the 0.1s threshold); original untouched)
2026-09-02 22:14:30 [INFO] [52/382] syncing Boyhood (2014).eng.srt against Boyhood (2014).mkv
2026-09-02 22:15:57 [INFO] ffsubsync measured: offset -0.010s, framerate x1.000, score 44646.0
2026-09-02 22:15:57 [INFO] [52/382] IN_SYNC  Boyhood (2014).eng.srt in 86.5s (already aligned (offset -0.010s, below the 0.1s threshold); original untouched)
2026-09-02 22:15:57 [INFO] [53/382] syncing Boyz N the Hood (1991).eng.srt against Boyz N the Hood (1991).mkv
2026-09-02 22:17:05 [INFO] ffsubsync measured: offset +0.000s, framerate x1.000, score 131585.0
2026-09-02 22:17:05 [INFO] [53/382] IN_SYNC  Boyz N the Hood (1991).eng.srt in 68.9s (already aligned (offset +0.000s, below the 0.1s threshold); original untouched)
2026-09-02 22:17:05 [INFO] [54/382] syncing Braveheart (1995).eng.srt against Braveheart (1995).mkv
2026-09-02 22:18:32 [INFO] ffsubsync measured: offset +0.040s, framerate x1.000, score 535189.0
2026-09-02 22:18:32 [INFO] [54/382] IN_SYNC  Braveheart (1995).eng.srt in 86.5s (already aligned (offset +0.040s, below the 0.1s threshold); original untouched)
2026-09-02 22:18:32 [INFO] [55/382] syncing Bugonia (2025).eng.srt against Bugonia (2025).mkv
2026-09-02 22:19:46 [INFO] ffsubsync measured: offset +0.000s, framerate x1.000, score 108335.0
2026-09-02 22:19:46 [INFO] [55/382] IN_SYNC  Bugonia (2025).eng.srt in 73.6s (already aligned (offset +0.000s, below the 0.1s threshold); original untouched)
2026-09-02 22:19:46 [INFO] [56/382] syncing Captain America Civil War (2016).eng.srt against Captain America Civil War (2016).mkv
2026-09-02 22:20:21 [INFO] ffsubsync measured: offset +0.070s, framerate x1.000, score 239435.0
2026-09-02 22:20:21 [INFO] [56/382] IN_SYNC  Captain America Civil War (2016).eng.srt in 35.8s (already aligned (offset +0.070s, below the 0.1s threshold); original untouched)
2026-09-02 22:20:21 [INFO] [57/382] syncing Captain America The First Avenger (2011).eng.srt against Captain America The First Avenger (2011).mkv
2026-09-02 22:20:48 [INFO] ffsubsync measured: offset +0.040s, framerate x1.000, score 282277.0
2026-09-02 22:20:48 [INFO] [57/382] IN_SYNC  Captain America The First Avenger (2011).eng.srt in 26.2s (already aligned (offset +0.040s, below the 0.1s threshold); original untouched)
2026-09-02 22:20:48 [INFO] [58/382] syncing Captain America The Winter Soldier (2014).eng.srt against Captain America The Winter Soldier (2014).mkv
2026-09-02 22:21:18 [INFO] ffsubsync measured: offset -0.050s, framerate x1.000, score 257398.0
2026-09-02 22:21:18 [INFO] [58/382] IN_SYNC  Captain America The Winter Soldier (2014).eng.srt in 30.8s (already aligned (offset -0.050s, below the 0.1s threshold); original untouched)
2026-09-02 22:21:18 [INFO] [59/382] syncing Cars (2006).eng.srt against Cars (2006).mkv
2026-09-02 22:22:11 [INFO] ffsubsync measured: offset +0.020s, framerate x1.000, score 64428.0
2026-09-02 22:22:11 [INFO] [59/382] IN_SYNC  Cars (2006).eng.srt in 52.3s (already aligned (offset +0.020s, below the 0.1s threshold); original untouched)
2026-09-02 22:22:11 [INFO] [60/382] syncing Casino Royale (2006).eng.srt against Casino Royale (2006).mkv
2026-09-02 22:23:35 [INFO] ffsubsync measured: offset +0.000s, framerate x1.000, score 377800.0
2026-09-02 22:23:35 [INFO] [60/382] IN_SYNC  Casino Royale (2006).eng.srt in 84.6s (already aligned (offset +0.000s, below the 0.1s threshold); original untouched)
2026-09-02 22:23:35 [INFO] [61/382] syncing Cast Away (2000).eng.srt against Cast Away (2000).mkv
2026-09-02 22:25:08 [INFO] ffsubsync measured: offset -0.080s, framerate x1.000, score 410854.0
2026-09-02 22:25:08 [INFO] [61/382] IN_SYNC  Cast Away (2000).eng.srt in 92.3s (already aligned (offset -0.080s, below the 0.1s threshold); original untouched)
2026-09-02 22:25:08 [INFO] [62/382] syncing Catch Me If You Can (2002).eng.srt against Catch Me If You Can (2002).mkv
2026-09-02 22:26:23 [INFO] ffsubsync measured: offset +0.000s, framerate x1.000, score 143148.0
2026-09-02 22:26:23 [INFO] [62/382] IN_SYNC  Catch Me If You Can (2002).eng.srt in 75.5s (already aligned (offset +0.000s, below the 0.1s threshold); original untouched)
2026-09-02 22:26:23 [INFO] [63/382] syncing Charlie and the Chocolate Factory (2005).eng.srt against Charlie and the Chocolate Factory (2005).mkv
2026-09-02 22:27:23 [INFO] ffsubsync measured: offset -0.020s, framerate x1.000, score 136973.0
2026-09-02 22:27:23 [INFO] [63/382] IN_SYNC  Charlie and the Chocolate Factory (2005).eng.srt in 60.0s (already aligned (offset -0.020s, below the 0.1s threshold); original untouched)
2026-09-02 22:27:23 [INFO] [64/382] syncing Chicken Little (2005).eng.srt against Chicken Little (2005).mkv
2026-09-02 22:27:50 [INFO] ffsubsync measured: offset +0.000s, framerate x1.000, score 129220.0
2026-09-02 22:27:50 [INFO] [64/382] IN_SYNC  Chicken Little (2005).eng.srt in 27.2s (already aligned (offset +0.000s, below the 0.1s threshold); original untouched)
2026-09-02 22:27:50 [INFO] [65/382] syncing Children of Men (2006).eng.srt against Children of Men (2006).mkv
2026-09-02 22:28:46 [INFO] ffsubsync measured: offset +0.000s, framerate x1.000, score 125005.0
2026-09-02 22:28:46 [INFO] [65/382] IN_SYNC  Children of Men (2006).eng.srt in 55.6s (already aligned (offset +0.000s, below the 0.1s threshold); original untouched)
2026-09-02 22:28:46 [INFO] [66/382] syncing Chronicle (2012).eng.srt against Chronicle (2012).mkv
2026-09-02 22:29:26 [INFO] ffsubsync measured: offset +0.040s, framerate x1.000, score 33508.0
2026-09-02 22:29:26 [INFO] [66/382] IN_SYNC  Chronicle (2012).eng.srt in 40.4s (already aligned (offset +0.040s, below the 0.1s threshold); original untouched)
2026-09-02 22:29:26 [INFO] [67/382] syncing Civil War (2024).eng.srt against Civil War (2024).mkv
2026-09-02 22:30:37 [INFO] ffsubsync measured: offset +0.000s, framerate x1.000, score 306906.0
2026-09-02 22:30:37 [INFO] [67/382] IN_SYNC  Civil War (2024).eng.srt in 70.9s (already aligned (offset +0.000s, below the 0.1s threshold); original untouched)
2026-09-02 22:30:37 [INFO] [68/382] syncing Cloudy with a Chance of Meatballs (2009).eng.srt against Cloudy with a Chance of Meatballs (2009).mkv
2026-09-02 22:31:08 [INFO] ffsubsync measured: offset +0.000s, framerate x1.000, score 40888.0
2026-09-02 22:31:08 [INFO] [68/382] IN_SYNC  Cloudy with a Chance of Meatballs (2009).eng.srt in 30.4s (already aligned (offset +0.000s, below the 0.1s threshold); original untouched)
2026-09-02 22:31:08 [INFO] [69/382] syncing Cloverfield (2008).eng.srt against Cloverfield (2008).mkv
2026-09-02 22:31:46 [INFO] ffsubsync measured: offset +0.000s, framerate x1.000, score 37794.0
2026-09-02 22:31:46 [INFO] [69/382] IN_SYNC  Cloverfield (2008).eng.srt in 38.2s (already aligned (offset +0.000s, below the 0.1s threshold); original untouched)
2026-09-02 22:31:46 [INFO] [70/382] syncing Coach Carter (2005).eng.srt against Coach Carter (2005).mkv
2026-09-02 22:32:37 [INFO] ffsubsync measured: offset +0.000s, framerate x1.000, score 62844.0
2026-09-02 22:32:37 [INFO] [70/382] IN_SYNC  Coach Carter (2005).eng.srt in 50.7s (already aligned (offset +0.000s, below the 0.1s threshold); original untouched)
2026-09-02 22:32:37 [INFO] [71/382] syncing Coco (2017).eng.srt against Coco (2017).mkv
2026-09-02 22:33:25 [INFO] ffsubsync measured: offset +0.000s, framerate x1.000, score 58311.0
2026-09-02 22:33:25 [INFO] [71/382] IN_SYNC  Coco (2017).eng.srt in 48.2s (already aligned (offset +0.000s, below the 0.1s threshold); original untouched)
2026-09-02 22:33:25 [INFO] [72/382] syncing Contact (1997).eng.srt against Contact (1997).mkv
2026-09-02 22:34:28 [INFO] ffsubsync measured: offset +0.000s, framerate x1.000, score 225292.0
2026-09-02 22:34:28 [INFO] [72/382] IN_SYNC  Contact (1997).eng.srt in 63.3s (already aligned (offset +0.000s, below the 0.1s threshold); original untouched)
2026-09-02 22:34:28 [INFO] [73/382] syncing Contagion (2011).eng.srt against Contagion (2011).mkv
2026-09-02 22:35:18 [INFO] ffsubsync measured: offset -0.030s, framerate x1.000, score 123718.0
2026-09-02 22:35:18 [INFO] [73/382] IN_SYNC  Contagion (2011).eng.srt in 50.4s (already aligned (offset -0.030s, below the 0.1s threshold); original untouched)
2026-09-02 22:35:18 [INFO] [74/382] syncing Coraline (2009).eng.srt against Coraline (2009).mkv
2026-09-02 22:36:05 [INFO] ffsubsync measured: offset +0.060s, framerate x1.000, score 227750.0
2026-09-02 22:36:05 [INFO] [74/382] IN_SYNC  Coraline (2009).eng.srt in 46.5s (already aligned (offset +0.060s, below the 0.1s threshold); original untouched)
2026-09-02 22:36:05 [INFO] [75/382] syncing Crazy Rich Asians (2018).eng.srt against Crazy Rich Asians (2018).mkv
2026-09-02 22:36:55 [INFO] ffsubsync measured: offset +0.010s, framerate x1.000, score 21958.0
2026-09-02 22:36:55 [INFO] [75/382] IN_SYNC  Crazy Rich Asians (2018).eng.srt in 49.5s (already aligned (offset +0.010s, below the 0.1s threshold); original untouched)
2026-09-02 22:36:55 [INFO] [76/382] syncing Creed (2015).eng.srt against Creed (2015).mkv
2026-09-02 22:37:58 [INFO] ffsubsync measured: offset +0.000s, framerate x1.000, score 159806.0
2026-09-02 22:37:58 [INFO] [76/382] IN_SYNC  Creed (2015).eng.srt in 63.5s (already aligned (offset +0.000s, below the 0.1s threshold); original untouched)
2026-09-02 22:37:58 [INFO] [77/382] syncing Dawn of the Planet of the Apes (2014).eng.srt against Dawn of the Planet of the Apes (2014).mkv
2026-09-02 22:39:18 [INFO] ffsubsync measured: offset +0.080s, framerate x1.000, score 362680.0
2026-09-02 22:39:18 [INFO] [77/382] IN_SYNC  Dawn of the Planet of the Apes (2014).eng.srt in 80.4s (already aligned (offset +0.080s, below the 0.1s threshold); original untouched)
2026-09-02 22:39:18 [INFO] [78/382] syncing Dead Poets Society (1989).eng.srt against Dead Poets Society (1989).mkv
2026-09-02 22:39:56 [INFO] ffsubsync measured: offset +0.000s, framerate x1.000, score 86503.0
2026-09-02 22:39:56 [INFO] [78/382] IN_SYNC  Dead Poets Society (1989).eng.srt in 37.4s (already aligned (offset +0.000s, below the 0.1s threshold); original untouched)
2026-09-02 22:39:56 [INFO] [79/382] syncing Deadpool (2016).eng.srt against Deadpool (2016).mkv
2026-09-02 22:40:36 [INFO] ffsubsync measured: offset -0.050s, framerate x1.000, score 116076.0
2026-09-02 22:40:36 [INFO] [79/382] IN_SYNC  Deadpool (2016).eng.srt in 40.1s (already aligned (offset -0.050s, below the 0.1s threshold); original untouched)
2026-09-02 22:40:36 [INFO] [80/382] syncing Deadpool 2 (2018).eng.srt against Deadpool 2 (2018).mkv
2026-09-02 22:41:37 [INFO] ffsubsync measured: offset +0.010s, framerate x1.000, score 695.0
2026-09-02 22:41:37 [INFO] [80/382] IN_SYNC  Deadpool 2 (2018).eng.srt in 61.0s (already aligned (offset +0.010s, below the 0.1s threshold); original untouched)
2026-09-02 22:41:37 [INFO] [81/382] syncing Despicable Me (2010).eng.srt against Despicable Me (2010).mkv
2026-09-02 22:42:21 [INFO] ffsubsync measured: offset +0.080s, framerate x1.000, score 171451.0
2026-09-02 22:42:21 [INFO] [81/382] IN_SYNC  Despicable Me (2010).eng.srt in 44.3s (already aligned (offset +0.080s, below the 0.1s threshold); original untouched)
2026-09-02 22:42:21 [INFO] [82/382] syncing Die Hard (1988).eng.srt against Die Hard (1988).mkv
2026-09-02 22:43:20 [INFO] ffsubsync measured: offset +0.010s, framerate x1.000, score 228469.0
2026-09-02 22:43:20 [INFO] [82/382] IN_SYNC  Die Hard (1988).eng.srt in 59.2s (already aligned (offset +0.010s, below the 0.1s threshold); original untouched)
2026-09-02 22:43:20 [INFO] [83/382] syncing District 9 (2009).eng.srt against District 9 (2009).mkv
2026-09-02 22:44:08 [INFO] ffsubsync measured: offset +0.000s, framerate x1.000, score 46493.0
2026-09-02 22:44:08 [INFO] [83/382] IN_SYNC  District 9 (2009).eng.srt in 47.8s (already aligned (offset +0.000s, below the 0.1s threshold); original untouched)
2026-09-02 22:44:08 [INFO] [84/382] syncing Django Unchained (2012).eng.srt against Django Unchained (2012).mkv
2026-09-02 22:44:52 [INFO] ffsubsync measured: offset -0.010s, framerate x1.000, score 294467.0
2026-09-02 22:44:52 [INFO] [84/382] IN_SYNC  Django Unchained (2012).eng.srt in 44.0s (already aligned (offset -0.010s, below the 0.1s threshold); original untouched)
2026-09-02 22:44:52 [INFO] [85/382] syncing Donnie Darko (2001).eng.srt against Donnie Darko (2001).mkv
2026-09-02 22:45:41 [INFO] ffsubsync measured: offset -0.010s, framerate x1.000, score 169209.0
2026-09-02 22:45:42 [INFO] [85/382] IN_SYNC  Donnie Darko (2001).eng.srt in 49.2s (already aligned (offset -0.010s, below the 0.1s threshold); original untouched)
2026-09-02 22:45:42 [INFO] [86/382] syncing Dune (2021).eng.srt against Dune (2021).mkv
2026-09-02 22:47:12 [INFO] ffsubsync measured: offset +0.000s, framerate x1.000, score 379026.0
2026-09-02 22:47:12 [INFO] [86/382] IN_SYNC  Dune (2021).eng.srt in 90.9s (already aligned (offset +0.000s, below the 0.1s threshold); original untouched)
2026-09-02 22:47:12 [INFO] [87/382] syncing Dune - Part Two (2024).eng.srt against Dune - Part Two (2024).mkv
2026-09-02 22:49:08 [INFO] ffsubsync measured: offset +0.000s, framerate x1.000, score 515495.0
2026-09-02 22:49:08 [INFO] [87/382] IN_SYNC  Dune - Part Two (2024).eng.srt in 115.7s (already aligned (offset +0.000s, below the 0.1s threshold); original untouched)
2026-09-02 22:49:08 [INFO] [88/382] syncing Dunkirk (2017).eng.srt against Dunkirk (2017).mkv
2026-09-02 22:50:06 [INFO] ffsubsync measured: offset -0.010s, framerate x1.000, score 307082.0
2026-09-02 22:50:06 [INFO] [88/382] IN_SYNC  Dunkirk (2017).eng.srt in 58.3s (already aligned (offset -0.010s, below the 0.1s threshold); original untouched)
2026-09-02 22:50:06 [INFO] [89/382] syncing E T the Extra-Terrestrial (1982).eng.srt against E T the Extra-Terrestrial (1982).mkv
2026-09-02 22:51:00 [INFO] ffsubsync measured: offset +0.050s, framerate x1.000, score 303119.0
2026-09-02 22:51:00 [INFO] [89/382] IN_SYNC  E T the Extra-Terrestrial (1982).eng.srt in 53.2s (already aligned (offset +0.050s, below the 0.1s threshold); original untouched)
2026-09-02 22:51:00 [INFO] [90/382] syncing Easy A (2010).eng.srt against Easy A (2010).mkv
2026-09-02 22:51:56 [INFO] ffsubsync measured: offset +0.020s, framerate x1.000, score 1754.0
2026-09-02 22:51:56 [INFO] [90/382] IN_SYNC  Easy A (2010).eng.srt in 56.8s (already aligned (offset +0.020s, below the 0.1s threshold); original untouched)
2026-09-02 22:51:56 [INFO] [91/382] syncing Edge of Tomorrow (2014).eng.srt against Edge of Tomorrow (2014).mkv
2026-09-02 22:52:51 [INFO] ffsubsync measured: offset +0.090s, framerate x1.000, score 200396.0
2026-09-02 22:52:51 [INFO] [91/382] IN_SYNC  Edge of Tomorrow (2014).eng.srt in 54.7s (already aligned (offset +0.090s, below the 0.1s threshold); original untouched)
2026-09-02 22:52:51 [INFO] [92/382] syncing Edward Scissorhands (1990).eng.srt against Edward Scissorhands (1990).mkv
2026-09-02 22:53:42 [INFO] ffsubsync measured: offset +0.000s, framerate x1.000, score 235298.0
2026-09-02 22:53:42 [INFO] [92/382] IN_SYNC  Edward Scissorhands (1990).eng.srt in 51.0s (already aligned (offset +0.000s, below the 0.1s threshold); original untouched)
2026-09-02 22:53:42 [INFO] [93/382] syncing Elemental (2023).eng.srt against Elemental (2023).mkv
2026-09-02 22:54:23 [INFO] ffsubsync measured: offset +0.080s, framerate x1.000, score 164683.0
2026-09-02 22:54:23 [INFO] [93/382] IN_SYNC  Elemental (2023).eng.srt in 40.5s (already aligned (offset +0.080s, below the 0.1s threshold); original untouched)
2026-09-02 22:54:23 [INFO] [94/382] syncing Elysium (2013).eng.srt against Elysium (2013).mkv
2026-09-02 22:55:11 [INFO] ffsubsync measured: offset +0.030s, framerate x1.000, score 140669.0
2026-09-02 22:55:11 [INFO] [94/382] IN_SYNC  Elysium (2013).eng.srt in 48.4s (already aligned (offset +0.030s, below the 0.1s threshold); original untouched)
2026-09-02 22:55:11 [INFO] [95/382] syncing Enchanted (2007).eng.srt against Enchanted (2007).mkv
2026-09-02 22:55:57 [INFO] ffsubsync measured: offset -0.390s, framerate x1.000, score -112175.0
2026-09-02 22:56:00 [INFO] fetched replacement subtitle id=3777702 (Enchanted.2007.BluRay.1080p.x264.DTS-WiKi.ENG); retrying ffsubsync
2026-09-02 22:56:15 [INFO] ffsubsync measured: offset -0.150s, framerate x1.000, score -102971.0
2026-09-02 22:56:18 [INFO] fetched replacement subtitle id=3780498 (Disney.Presents.Enchanted.2007.1080p.BluRay.H264.AAC-RARBG Eng); retrying ffsubsync
2026-09-02 22:56:33 [INFO] ffsubsync measured: offset +0.020s, framerate x1.000, score -108725.0
2026-09-02 22:56:36 [INFO] fetched replacement subtitle id=3780277 (Enchanted.2007.1080p.BluRay.x264.anoXmous_eng); retrying ffsubsync
2026-09-02 22:56:50 [INFO] ffsubsync measured: offset +0.020s, framerate x1.000, score -109466.0
2026-09-02 22:56:53 [INFO] fetched replacement subtitle id=3777684 (Enchanted.2007.BluRay.1080p.x264.DTS-WiKi.ENG_HI); retrying ffsubsync
2026-09-02 22:57:08 [INFO] ffsubsync measured: offset -0.130s, framerate x1.000, score -108567.0
2026-09-02 22:57:11 [INFO] fetched replacement subtitle id=3777390 (Enchanted.2007.BluRay.720p.BluRay.x264-REFiNED); retrying ffsubsync
2026-09-02 22:57:26 [INFO] ffsubsync measured: offset -0.390s, framerate x1.000, score -112175.0
2026-09-02 22:57:26 [INFO] [95/382] REVIEW   Enchanted (2007).eng.srt in 134.6s (ffsubsync's quality gate rejected the alignment; original kept for review)
2026-09-02 22:57:26 [INFO] [96/382] syncing Enemy (2013).eng.srt against Enemy (2013).mkv
2026-09-02 22:57:44 [INFO] ffsubsync measured: offset +0.000s, framerate x1.000, score 340665.0
2026-09-02 22:57:44 [INFO] [96/382] IN_SYNC  Enemy (2013).eng.srt in 17.8s (already aligned (offset +0.000s, below the 0.1s threshold); original untouched)
2026-09-02 22:57:44 [INFO] [97/382] syncing Eternal Sunshine of the Spotless Mind (2004).eng.srt against Eternal Sunshine of the Spotless Mind (2004).mkv
2026-09-02 22:58:49 [INFO] ffsubsync measured: offset +0.000s, framerate x1.000, score 51300.0
2026-09-02 22:58:49 [INFO] [97/382] IN_SYNC  Eternal Sunshine of the Spotless Mind (2004).eng.srt in 65.8s (already aligned (offset +0.000s, below the 0.1s threshold); original untouched)
2026-09-02 22:58:49 [INFO] [98/382] syncing Ex Machina (2015).eng.srt against Ex Machina (2015).mkv
2026-09-02 22:59:42 [INFO] ffsubsync measured: offset +0.070s, framerate x1.000, score 273869.0
2026-09-02 22:59:42 [INFO] [98/382] IN_SYNC  Ex Machina (2015).eng.srt in 53.0s (already aligned (offset +0.070s, below the 0.1s threshold); original untouched)
2026-09-02 22:59:42 [INFO] [99/382] syncing Fargo (1996).eng.srt against Fargo (1996).mkv
2026-09-02 23:00:42 [INFO] ffsubsync measured: offset +0.000s, framerate x1.000, score 167614.0
2026-09-02 23:00:42 [INFO] [99/382] IN_SYNC  Fargo (1996).eng.srt in 59.1s (already aligned (offset +0.000s, below the 0.1s threshold); original untouched)
2026-09-02 23:00:42 [INFO] [100/382] syncing Fast Five (2011).eng.srt against Fast Five (2011).mkv
2026-09-02 23:01:37 [INFO] ffsubsync measured: offset -0.080s, framerate x1.000, score 277060.0
2026-09-02 23:01:38 [INFO] [100/382] IN_SYNC  Fast Five (2011).eng.srt in 56.0s (already aligned (offset -0.080s, below the 0.1s threshold); original untouched)
2026-09-02 23:01:38 [INFO] [101/382] syncing Ferris Bueller's Day Off (1986).eng.srt against Ferris Bueller's Day Off (1986).mkv
2026-09-02 23:02:36 [INFO] ffsubsync measured: offset +0.020s, framerate x1.000, score 183657.0
2026-09-02 23:02:36 [INFO] [101/382] IN_SYNC  Ferris Bueller's Day Off (1986).eng.srt in 58.3s (already aligned (offset +0.020s, below the 0.1s threshold); original untouched)
2026-09-02 23:02:36 [INFO] [102/382] syncing Fight Club (1999).eng.srt against Fight Club (1999).mkv
2026-09-02 23:03:44 [INFO] ffsubsync measured: offset +0.000s, framerate x1.000, score 34834.0
2026-09-02 23:03:44 [INFO] [102/382] IN_SYNC  Fight Club (1999).eng.srt in 68.0s (already aligned (offset +0.000s, below the 0.1s threshold); original untouched)
2026-09-02 23:03:44 [INFO] [103/382] syncing Finding Nemo (2003).eng.srt against Finding Nemo (2003).mkv
2026-09-02 23:04:39 [INFO] ffsubsync measured: offset -0.030s, framerate x1.000, score -19630.0
2026-09-02 23:04:42 [INFO] fetched replacement subtitle id=1264727 (Finding.Nemo.2003.1080p.bLUrAY.x264.anoXmous_eng); retrying ffsubsync
2026-09-02 23:04:58 [INFO] ffsubsync measured: offset -0.990s, framerate x1.000, score -137655.0
2026-09-02 23:05:01 [INFO] fetched replacement subtitle id=1267803 (Finding Nemo (2003) 1080p 5.1 Blu-ray-eng); retrying ffsubsync
2026-09-02 23:05:17 [INFO] ffsubsync measured: offset -0.260s, framerate x1.000, score -115538.0
2026-09-02 23:05:20 [INFO] fetched replacement subtitle id=1267137 (Finding.Nemo.2003.BluRay.1080p.AC3.2Audio.x264-CHD-eng); retrying ffsubsync
2026-09-02 23:05:36 [INFO] ffsubsync measured: offset +0.150s, framerate x1.000, score -18458.0
2026-09-02 23:05:39 [INFO] fetched replacement subtitle id=11506179 (Finding.Nemo.2003.1080p.BluRay.x265-YAWNTiC_eng); retrying ffsubsync
2026-09-02 23:05:55 [INFO] ffsubsync measured: offset +0.000s, framerate x1.000, score -17527.0
2026-09-02 23:05:58 [INFO] fetched replacement subtitle id=8542616 (Finding Nemo (2003) Bluray-1080p.en); retrying ffsubsync
2026-09-02 23:06:14 [INFO] ffsubsync measured: offset -0.030s, framerate x1.000, score -19630.0
2026-09-02 23:06:14 [INFO] [103/382] REVIEW   Finding Nemo (2003).eng.srt in 150.6s (ffsubsync's quality gate rejected the alignment; original kept for review)
2026-09-02 23:06:14 [INFO] [104/382] syncing First Man (2018).eng.srt against First Man (2018).mkv
2026-09-02 23:07:22 [INFO] ffsubsync measured: offset -0.020s, framerate x1.000, score 209362.0
2026-09-02 23:07:22 [INFO] [104/382] IN_SYNC  First Man (2018).eng.srt in 67.2s (already aligned (offset -0.020s, below the 0.1s threshold); original untouched)
2026-09-02 23:07:22 [INFO] [105/382] syncing Ford v Ferrari (2019).eng.srt against Ford v Ferrari (2019).mkv
2026-09-02 23:08:52 [INFO] ffsubsync measured: offset +0.000s, framerate x1.000, score 222153.0
2026-09-02 23:08:52 [INFO] [105/382] IN_SYNC  Ford v Ferrari (2019).eng.srt in 90.2s (already aligned (offset +0.000s, below the 0.1s threshold); original untouched)
2026-09-02 23:08:52 [INFO] [106/382] syncing Forrest Gump (1994).eng.srt against Forrest Gump (1994).mkv
2026-09-02 23:10:13 [INFO] ffsubsync measured: offset +0.000s, framerate x1.000, score 113558.0
2026-09-02 23:10:13 [INFO] [106/382] IN_SYNC  Forrest Gump (1994).eng.srt in 81.5s (already aligned (offset +0.000s, below the 0.1s threshold); original untouched)
2026-09-02 23:10:13 [INFO] [107/382] syncing Fractured (2019).eng.srt against Fractured (2019).mkv
2026-09-02 23:10:36 [INFO] ffsubsync measured: offset +0.080s, framerate x1.000, score 135914.0
2026-09-02 23:10:36 [INFO] [107/382] IN_SYNC  Fractured (2019).eng.srt in 23.2s (already aligned (offset +0.080s, below the 0.1s threshold); original untouched)
2026-09-02 23:10:36 [INFO] [108/382] syncing Fury (2014).eng.srt against Fury (2014).mkv
2026-09-02 23:11:33 [INFO] ffsubsync measured: offset +0.000s, framerate x1.000, score 280918.0
2026-09-02 23:11:33 [INFO] [108/382] IN_SYNC  Fury (2014).eng.srt in 56.7s (already aligned (offset +0.000s, below the 0.1s threshold); original untouched)
2026-09-02 23:11:33 [INFO] [109/382] syncing Get Out (2017).eng.srt against Get Out (2017).mkv
2026-09-02 23:12:17 [INFO] ffsubsync measured: offset +0.000s, framerate x1.000, score 234394.0
2026-09-02 23:12:17 [INFO] [109/382] IN_SYNC  Get Out (2017).eng.srt in 43.8s (already aligned (offset +0.000s, below the 0.1s threshold); original untouched)
2026-09-02 23:12:17 [INFO] [110/382] syncing Ghostbusters (1984).eng.srt against Ghostbusters (1984).mkv
2026-09-02 23:13:11 [INFO] ffsubsync measured: offset +0.040s, framerate x1.000, score 144060.0
2026-09-02 23:13:11 [INFO] [110/382] IN_SYNC  Ghostbusters (1984).eng.srt in 54.0s (already aligned (offset +0.040s, below the 0.1s threshold); original untouched)
2026-09-02 23:13:11 [INFO] [111/382] syncing Gladiator (2000).eng.srt against Gladiator (2000).mkv
2026-09-02 23:14:16 [INFO] ffsubsync measured: offset +0.000s, framerate x1.000, score 248948.0
2026-09-02 23:14:16 [INFO] [111/382] IN_SYNC  Gladiator (2000).eng.srt in 65.4s (already aligned (offset +0.000s, below the 0.1s threshold); original untouched)
2026-09-02 23:14:16 [INFO] [112/382] syncing Gone Girl (2014).eng.srt against Gone Girl (2014).mkv
2026-09-02 23:14:57 [INFO] ffsubsync measured: offset -0.010s, framerate x1.000, score 31849.0
2026-09-02 23:14:57 [INFO] [112/382] IN_SYNC  Gone Girl (2014).eng.srt in 40.3s (already aligned (offset -0.010s, below the 0.1s threshold); original untouched)
2026-09-02 23:14:57 [INFO] [113/382] syncing Good Will Hunting (1997).eng.srt against Good Will Hunting (1997).mkv
2026-09-02 23:16:13 [INFO] ffsubsync measured: offset -0.090s, framerate x1.000, score 106351.0
2026-09-02 23:16:13 [INFO] [113/382] IN_SYNC  Good Will Hunting (1997).eng.srt in 76.6s (already aligned (offset -0.090s, below the 0.1s threshold); original untouched)
2026-09-02 23:16:13 [INFO] [114/382] syncing Goodfellas (1990).eng.srt against Goodfellas (1990).mkv
2026-09-02 23:17:25 [INFO] ffsubsync measured: offset +0.000s, framerate x1.000, score 83129.0
2026-09-02 23:17:25 [INFO] [114/382] IN_SYNC  Goodfellas (1990).eng.srt in 72.1s (already aligned (offset +0.000s, below the 0.1s threshold); original untouched)
2026-09-02 23:17:25 [INFO] [115/382] syncing Gravity (2013).eng.srt against Gravity (2013).mkv
2026-09-02 23:18:09 [INFO] ffsubsync measured: offset +0.000s, framerate x1.000, score 192581.0
2026-09-02 23:18:09 [INFO] [115/382] IN_SYNC  Gravity (2013).eng.srt in 43.9s (already aligned (offset +0.000s, below the 0.1s threshold); original untouched)
2026-09-02 23:18:09 [INFO] [116/382] syncing Green Book (2018).eng.srt against Green Book (2018).mkv
2026-09-02 23:19:08 [INFO] ffsubsync measured: offset +0.000s, framerate x1.000, score 36708.0
2026-09-02 23:19:08 [INFO] [116/382] IN_SYNC  Green Book (2018).eng.srt in 58.8s (already aligned (offset +0.000s, below the 0.1s threshold); original untouched)
2026-09-02 23:19:08 [INFO] [117/382] syncing Greenland (2020).eng.srt against Greenland (2020).mkv
2026-09-02 23:20:17 [INFO] ffsubsync measured: offset +0.000s, framerate x1.000, score 95260.0
2026-09-02 23:20:17 [INFO] [117/382] IN_SYNC  Greenland (2020).eng.srt in 68.9s (already aligned (offset +0.000s, below the 0.1s threshold); original untouched)
2026-09-02 23:20:17 [INFO] [118/382] syncing Groundhog Day (1993).eng.srt against Groundhog Day (1993).mkv
2026-09-02 23:21:20 [INFO] ffsubsync measured: offset +1.360s, framerate x1.000, score 53533.0
2026-09-02 23:21:20 [INFO] [118/382] SYNCED   Groundhog Day (1993).eng.srt in 63.5s (offset +1.360s, framerate x1.000)
2026-09-02 23:21:20 [INFO] [119/382] syncing Grown Ups (2010).eng.srt against Grown Ups (2010).mkv
2026-09-02 23:22:03 [INFO] ffsubsync measured: offset +0.080s, framerate x1.000, score 25168.0
2026-09-02 23:22:03 [INFO] [119/382] IN_SYNC  Grown Ups (2010).eng.srt in 43.0s (already aligned (offset +0.080s, below the 0.1s threshold); original untouched)
2026-09-02 23:22:03 [INFO] [120/382] syncing Guardians of the Galaxy (2014).eng.srt against Guardians of the Galaxy (2014).mkv
2026-09-02 23:22:47 [INFO] ffsubsync measured: offset +0.000s, framerate x1.000, score 171488.0
2026-09-02 23:22:47 [INFO] [120/382] IN_SYNC  Guardians of the Galaxy (2014).eng.srt in 43.5s (already aligned (offset +0.000s, below the 0.1s threshold); original untouched)
2026-09-02 23:22:47 [INFO] [121/382] syncing Hacksaw Ridge (2016).eng.srt against Hacksaw Ridge (2016).mkv
2026-09-02 23:23:38 [INFO] ffsubsync measured: offset +0.000s, framerate x1.000, score 267990.0
2026-09-02 23:23:38 [INFO] [121/382] IN_SYNC  Hacksaw Ridge (2016).eng.srt in 51.3s (already aligned (offset +0.000s, below the 0.1s threshold); original untouched)
2026-09-02 23:23:38 [INFO] [122/382] syncing Happy Feet (2006).eng.srt against Happy Feet (2006).mkv
2026-09-02 23:24:15 [INFO] ffsubsync measured: offset -0.010s, framerate x1.000, score 76371.0
2026-09-02 23:24:15 [INFO] [122/382] IN_SYNC  Happy Feet (2006).eng.srt in 36.9s (already aligned (offset -0.010s, below the 0.1s threshold); original untouched)
2026-09-02 23:24:15 [INFO] [123/382] syncing Happy Gilmore (1996).eng.srt against Happy Gilmore (1996).mkv
2026-09-02 23:25:12 [INFO] ffsubsync measured: offset +0.010s, framerate x1.000, score 142193.0
2026-09-02 23:25:12 [INFO] [123/382] IN_SYNC  Happy Gilmore (1996).eng.srt in 56.8s (already aligned (offset +0.010s, below the 0.1s threshold); original untouched)
2026-09-02 23:25:12 [INFO] [124/382] syncing Harry Potter and the Chamber of Secrets (2002).eng.srt against Harry Potter and the Chamber of Secrets (2002).mkv
2026-09-02 23:26:14 [INFO] ffsubsync measured: offset -24.950s, framerate x1.042, score 41134.1
2026-09-02 23:26:14 [INFO] [124/382] SYNCED   Harry Potter and the Chamber of Secrets (2002).eng.srt in 62.2s (offset -24.950s, framerate x1.042)
2026-09-02 23:26:14 [INFO] [125/382] syncing Harry Potter and the Deathly Hallows - Part 1 (2010).eng.srt against Harry Potter and the Deathly Hallows - Part 1 (2010).mkv
2026-09-02 23:27:02 [INFO] ffsubsync measured: offset +0.000s, framerate x1.000, score 241799.0
2026-09-02 23:27:02 [INFO] [125/382] IN_SYNC  Harry Potter and the Deathly Hallows - Part 1 (2010).eng.srt in 47.6s (already aligned (offset +0.000s, below the 0.1s threshold); original untouched)
2026-09-02 23:27:02 [INFO] [126/382] syncing Harry Potter and the Deathly Hallows - Part 2 (2011).eng.srt against Harry Potter and the Deathly Hallows - Part 2 (2011).mkv
2026-09-02 23:27:51 [INFO] ffsubsync measured: offset +0.000s, framerate x1.000, score 292238.0
2026-09-02 23:27:51 [INFO] [126/382] IN_SYNC  Harry Potter and the Deathly Hallows - Part 2 (2011).eng.srt in 49.3s (already aligned (offset +0.000s, below the 0.1s threshold); original untouched)
2026-09-02 23:27:51 [INFO] [127/382] syncing Harry Potter and the Goblet of Fire (2005).eng.srt against Harry Potter and the Goblet of Fire (2005).mkv
2026-09-02 23:29:01 [INFO] ffsubsync measured: offset -0.060s, framerate x1.000, score 223094.0
2026-09-02 23:29:01 [INFO] [127/382] IN_SYNC  Harry Potter and the Goblet of Fire (2005).eng.srt in 70.4s (already aligned (offset -0.060s, below the 0.1s threshold); original untouched)
2026-09-02 23:29:01 [INFO] [128/382] syncing Harry Potter and the Half-Blood Prince (2009).eng.srt against Harry Potter and the Half-Blood Prince (2009).mkv
2026-09-02 23:30:00 [INFO] ffsubsync measured: offset +0.010s, framerate x1.000, score 230461.0
2026-09-02 23:30:00 [INFO] [128/382] IN_SYNC  Harry Potter and the Half-Blood Prince (2009).eng.srt in 58.5s (already aligned (offset +0.010s, below the 0.1s threshold); original untouched)
2026-09-02 23:30:00 [INFO] [129/382] syncing Harry Potter and the Order of the Phoenix (2007).eng.srt against Harry Potter and the Order of the Phoenix (2007).mkv
2026-09-02 23:31:00 [INFO] ffsubsync measured: offset +0.000s, framerate x1.000, score 178143.0
2026-09-02 23:31:00 [INFO] [129/382] IN_SYNC  Harry Potter and the Order of the Phoenix (2007).eng.srt in 60.1s (already aligned (offset +0.000s, below the 0.1s threshold); original untouched)
2026-09-02 23:31:00 [INFO] [130/382] syncing Harry Potter and the Prisoner of Azkaban (2004).eng.srt against Harry Potter and the Prisoner of Azkaban (2004).mkv
2026-09-02 23:32:00 [INFO] ffsubsync measured: offset +0.000s, framerate x1.000, score 168965.0
2026-09-02 23:32:00 [INFO] [130/382] IN_SYNC  Harry Potter and the Prisoner of Azkaban (2004).eng.srt in 60.5s (already aligned (offset +0.000s, below the 0.1s threshold); original untouched)
2026-09-02 23:32:00 [INFO] [131/382] syncing Harry Potter and the Sorcerer's Stone (2001).eng.srt against Harry Potter and the Sorcerer's Stone (2001).mkv
2026-09-02 23:33:05 [INFO] ffsubsync measured: offset +0.000s, framerate x1.000, score 185606.0
2026-09-02 23:33:05 [INFO] [131/382] IN_SYNC  Harry Potter and the Sorcerer's Stone (2001).eng.srt in 64.9s (already aligned (offset +0.000s, below the 0.1s threshold); original untouched)
2026-09-02 23:33:05 [INFO] [132/382] syncing Heat (1995).eng.srt against Heat (1995).mkv
2026-09-02 23:34:59 [INFO] ffsubsync measured: offset +0.000s, framerate x1.000, score 436278.0
2026-09-02 23:34:59 [INFO] [132/382] IN_SYNC  Heat (1995).eng.srt in 113.7s (already aligned (offset +0.000s, below the 0.1s threshold); original untouched)
2026-09-02 23:34:59 [INFO] [133/382] syncing Her (2013).eng.srt against Her (2013).mkv
2026-09-02 23:35:23 [INFO] ffsubsync measured: offset +0.090s, framerate x1.000, score 39724.0
2026-09-02 23:35:23 [INFO] [133/382] IN_SYNC  Her (2013).eng.srt in 24.1s (already aligned (offset +0.090s, below the 0.1s threshold); original untouched)
2026-09-02 23:35:23 [INFO] [134/382] syncing Hercules (1997).eng.srt against Hercules (1997).mkv
2026-09-02 23:36:02 [INFO] ffsubsync measured: offset -0.060s, framerate x1.000, score -41391.0
2026-09-02 23:36:06 [INFO] fetched replacement subtitle id=10868817 (Hercules.1997.1080p.BluRay.x264-[YTS.AG]); retrying ffsubsync
2026-09-02 23:36:21 [INFO] ffsubsync measured: offset -0.060s, framerate x1.000, score -41391.0
2026-09-02 23:36:24 [INFO] fetched replacement subtitle id=245307 (Hercules.1997.1080p.BluRay.x264-AMIABLE.English); retrying ffsubsync
2026-09-02 23:36:40 [INFO] ffsubsync measured: offset +0.150s, framerate x1.000, score -100517.0
2026-09-02 23:36:43 [INFO] fetched replacement subtitle id=241025 (Hercules.1997.720p.BRrip.x264.GAZ.YIFY); retrying ffsubsync
2026-09-02 23:36:58 [INFO] ffsubsync measured: offset +17.190s, framerate x1.043, score -45769.5
2026-09-02 23:37:01 [INFO] fetched replacement subtitle id=244438 (Hercules 1997 BRRip 720p[Dual Audio][Eng Hindi]Current_HD); retrying ffsubsync
2026-09-02 23:37:17 [INFO] ffsubsync measured: offset +19.270s, framerate x1.000, score -57075.0
2026-09-02 23:37:20 [INFO] fetched replacement subtitle id=247170 (Hercules.1997.720p.BRrip.x264.GAZ.YIFY); retrying ffsubsync
2026-09-02 23:37:35 [INFO] ffsubsync measured: offset +19.150s, framerate x1.000, score -42265.0
2026-09-02 23:37:35 [INFO] [134/382] REVIEW   Hercules (1997).eng.srt in 132.0s (ffsubsync's quality gate rejected the alignment; original kept for review)
2026-09-02 23:37:35 [INFO] [135/382] syncing Hereditary (2018).eng.srt against Hereditary (2018).mkv
2026-09-02 23:38:35 [INFO] ffsubsync measured: offset +0.000s, framerate x1.000, score 398541.0
2026-09-02 23:38:35 [INFO] [135/382] IN_SYNC  Hereditary (2018).eng.srt in 59.6s (already aligned (offset +0.000s, below the 0.1s threshold); original untouched)
2026-09-02 23:38:35 [INFO] [136/382] syncing Hidden Figures (2016).eng.srt against Hidden Figures (2016).mkv
2026-09-02 23:39:48 [INFO] ffsubsync measured: offset +0.030s, framerate x1.000, score 93887.0
2026-09-02 23:39:48 [INFO] [136/382] IN_SYNC  Hidden Figures (2016).eng.srt in 73.6s (already aligned (offset +0.030s, below the 0.1s threshold); original untouched)
2026-09-02 23:39:48 [INFO] [137/382] syncing Holes (2003).eng.srt against Holes (2003).mkv
2026-09-02 23:41:36 [INFO] ffsubsync measured: offset +0.030s, framerate x1.000, score 88813.0
2026-09-02 23:41:36 [INFO] [137/382] IN_SYNC  Holes (2003).eng.srt in 108.1s (already aligned (offset +0.030s, below the 0.1s threshold); original untouched)
2026-09-02 23:41:36 [INFO] [138/382] syncing Home Alone (1990).eng.srt against Home Alone (1990).mkv
2026-09-02 23:42:53 [INFO] ffsubsync measured: offset +0.000s, framerate x1.000, score 109565.0
2026-09-02 23:42:53 [INFO] [138/382] IN_SYNC  Home Alone (1990).eng.srt in 76.3s (already aligned (offset +0.000s, below the 0.1s threshold); original untouched)
2026-09-02 23:42:53 [INFO] [139/382] syncing Home Alone 2 - Lost in New York (1992).eng.srt against Home Alone 2 - Lost in New York (1992).mkv
2026-09-02 23:44:09 [INFO] ffsubsync measured: offset -0.080s, framerate x1.000, score 103982.0
2026-09-02 23:44:09 [INFO] [139/382] IN_SYNC  Home Alone 2 - Lost in New York (1992).eng.srt in 76.4s (already aligned (offset -0.080s, below the 0.1s threshold); original untouched)
2026-09-02 23:44:09 [INFO] [140/382] syncing How to Train Your Dragon (2010).eng.srt against How to Train Your Dragon (2010).mkv
2026-09-02 23:45:05 [INFO] ffsubsync measured: offset +0.050s, framerate x1.000, score 177620.0
2026-09-02 23:45:05 [INFO] [140/382] IN_SYNC  How to Train Your Dragon (2010).eng.srt in 55.9s (already aligned (offset +0.050s, below the 0.1s threshold); original untouched)
2026-09-02 23:45:05 [INFO] [141/382] syncing I Am Legend (2007).eng.srt against I Am Legend (2007).mkv
2026-09-02 23:45:56 [INFO] ffsubsync measured: offset +0.000s, framerate x1.000, score 265461.0
2026-09-02 23:45:56 [INFO] [141/382] IN_SYNC  I Am Legend (2007).eng.srt in 51.1s (already aligned (offset +0.000s, below the 0.1s threshold); original untouched)
2026-09-02 23:45:56 [INFO] [142/382] syncing I, Robot (2004).eng.srt against I, Robot (2004).mkv
2026-09-02 23:46:57 [INFO] ffsubsync measured: offset +0.000s, framerate x1.000, score 106370.0
2026-09-02 23:46:57 [INFO] [142/382] IN_SYNC  I, Robot (2004).eng.srt in 60.9s (already aligned (offset +0.000s, below the 0.1s threshold); original untouched)
2026-09-02 23:46:57 [INFO] [143/382] syncing I, Tonya (2017).eng.srt against I, Tonya (2017).mkv
2026-09-02 23:47:47 [INFO] ffsubsync measured: offset -0.010s, framerate x1.000, score -9991.0
2026-09-02 23:47:50 [INFO] fetched replacement subtitle id=1217976 (I_ Tonya 2017 1080p BluRay x264 DTS 5.1 - Hon3y); retrying ffsubsync
2026-09-02 23:48:07 [INFO] ffsubsync measured: offset +0.210s, framerate x1.000, score -41840.0
2026-09-02 23:48:10 [INFO] fetched replacement subtitle id=1218136 (I.Tonya.2017.1080p.BluRay.AVC.DTS-HD.MA.5.1-FGT); retrying ffsubsync
2026-09-02 23:48:26 [INFO] ffsubsync measured: offset +0.210s, framerate x1.000, score -41840.0
2026-09-02 23:48:29 [INFO] fetched replacement subtitle id=4883235 (I_ Tonya 2017 1080p BluRay x264 DTS 5.1); retrying ffsubsync
2026-09-02 23:48:45 [INFO] ffsubsync measured: offset +0.010s, framerate x1.000, score 237606.0
2026-09-02 23:48:45 [INFO] [143/382] IN_SYNC  I, Tonya (2017).eng.srt in 108.1s (already aligned (offset +0.010s, below the 0.1s threshold); original untouched)
2026-09-02 23:48:45 [INFO] [144/382] syncing Ice Age (2002).eng.srt against Ice Age (2002).mkv
2026-09-02 23:49:20 [INFO] ffsubsync measured: offset +0.000s, framerate x1.000, score 170751.0
2026-09-02 23:49:20 [INFO] [144/382] IN_SYNC  Ice Age (2002).eng.srt in 35.0s (already aligned (offset +0.000s, below the 0.1s threshold); original untouched)
2026-09-02 23:49:20 [INFO] [145/382] syncing Idiocracy (2006).eng.srt against Idiocracy (2006).mkv
2026-09-02 23:49:53 [INFO] ffsubsync measured: offset -1.030s, framerate x1.000, score 26493.0
2026-09-02 23:49:54 [INFO] [145/382] SYNCED   Idiocracy (2006).eng.srt in 33.5s (offset -1.030s, framerate x1.000)
2026-09-02 23:49:54 [INFO] [146/382] syncing Inception (2010).eng.srt against Inception (2010).mkv
2026-09-02 23:51:08 [INFO] ffsubsync measured: offset +0.000s, framerate x1.000, score 102962.0
2026-09-02 23:51:08 [INFO] [146/382] IN_SYNC  Inception (2010).eng.srt in 74.5s (already aligned (offset +0.000s, below the 0.1s threshold); original untouched)
2026-09-02 23:51:08 [INFO] [147/382] syncing Incredibles 2 (2018).eng.srt against Incredibles 2 (2018).mkv
2026-09-02 23:52:15 [INFO] ffsubsync measured: offset +0.000s, framerate x1.000, score 7469.0
2026-09-02 23:52:15 [INFO] [147/382] IN_SYNC  Incredibles 2 (2018).eng.srt in 67.4s (already aligned (offset +0.000s, below the 0.1s threshold); original untouched)
2026-09-02 23:52:15 [INFO] [148/382] syncing Independence Day (1996).eng.srt against Independence Day (1996).mkv
2026-09-02 23:53:42 [INFO] ffsubsync measured: offset +54.270s, framerate x1.043, score 16754.2
2026-09-02 23:53:46 [INFO] fetched replacement subtitle id=367330 (Independence.Day.1996.1080p.BluRay.DTS.x264-HDME.ENG); retrying ffsubsync
2026-09-02 23:54:58 [INFO] ffsubsync measured: offset +55.350s, framerate x1.043, score 42782.0
2026-09-02 23:55:01 [INFO] fetched replacement subtitle id=378806 (Independence Day (1996).BRRip.1080p.Dual.[Hindi-Eng].AAC); retrying ffsubsync
2026-09-02 23:56:04 [INFO] ffsubsync measured: offset +20.500s, framerate x1.043, score 32457.8
2026-09-02 23:56:04 [INFO] [148/382] SYNCED   Independence Day (1996).eng.srt in 229.0s (offset +20.500s, framerate x1.043)
2026-09-02 23:56:04 [INFO] [149/382] syncing Indiana Jones and the Last Crusade (1989).eng.srt against Indiana Jones and the Last Crusade (1989).mkv
2026-09-02 23:57:28 [INFO] ffsubsync measured: offset +0.000s, framerate x1.000, score 178869.0
2026-09-02 23:57:28 [INFO] [149/382] IN_SYNC  Indiana Jones and the Last Crusade (1989).eng.srt in 83.6s (already aligned (offset +0.000s, below the 0.1s threshold); original untouched)
2026-09-02 23:57:28 [INFO] [150/382] syncing Indiana Jones and the Raiders of the Lost Ark (1981).eng.srt against Indiana Jones and the Raiders of the Lost Ark (1981).mkv
2026-09-02 23:58:46 [INFO] ffsubsync measured: offset +0.000s, framerate x1.000, score 330648.0
2026-09-02 23:58:46 [INFO] [150/382] IN_SYNC  Indiana Jones and the Raiders of the Lost Ark (1981).eng.srt in 77.9s (already aligned (offset +0.000s, below the 0.1s threshold); original untouched)
2026-09-02 23:58:46 [INFO] [151/382] syncing Indiana Jones and the Temple of Doom (1984).eng.srt against Indiana Jones and the Temple of Doom (1984).mkv
2026-09-03 00:00:16 [INFO] ffsubsync measured: offset +0.000s, framerate x1.000, score 317010.0
2026-09-03 00:00:16 [INFO] [151/382] IN_SYNC  Indiana Jones and the Temple of Doom (1984).eng.srt in 90.3s (already aligned (offset +0.000s, below the 0.1s threshold); original untouched)
2026-09-03 00:00:16 [INFO] [152/382] syncing Inglourious Basterds (2009).eng.srt against Inglourious Basterds (2009).mkv
2026-09-03 00:01:36 [INFO] ffsubsync measured: offset +0.000s, framerate x1.000, score 425964.0
2026-09-03 00:01:36 [INFO] [152/382] IN_SYNC  Inglourious Basterds (2009).eng.srt in 79.8s (already aligned (offset +0.000s, below the 0.1s threshold); original untouched)
2026-09-03 00:01:36 [INFO] [153/382] syncing Insomnia (2002).eng.srt against Insomnia (2002).mkv
2026-09-03 00:02:39 [INFO] ffsubsync measured: offset +0.000s, framerate x1.000, score 141227.0
2026-09-03 00:02:39 [INFO] [153/382] IN_SYNC  Insomnia (2002).eng.srt in 63.5s (already aligned (offset +0.000s, below the 0.1s threshold); original untouched)
2026-09-03 00:02:39 [INFO] [154/382] syncing Interstellar (2014).eng.srt against Interstellar (2014).mkv
2026-09-03 00:04:14 [INFO] ffsubsync measured: offset -0.030s, framerate x1.000, score 126071.0
2026-09-03 00:04:14 [INFO] [154/382] IN_SYNC  Interstellar (2014).eng.srt in 95.0s (already aligned (offset -0.030s, below the 0.1s threshold); original untouched)
2026-09-03 00:04:14 [INFO] [155/382] syncing Into the Wild (2007).eng.srt against Into the Wild (2007).mkv
2026-09-03 00:05:34 [INFO] ffsubsync measured: offset +0.000s, framerate x1.000, score 335695.0
2026-09-03 00:05:34 [INFO] [155/382] IN_SYNC  Into the Wild (2007).eng.srt in 80.0s (already aligned (offset +0.000s, below the 0.1s threshold); original untouched)
2026-09-03 00:05:34 [INFO] [156/382] syncing Iron Man (2008).eng.srt against Iron Man (2008).mkv
2026-09-03 00:06:32 [INFO] ffsubsync measured: offset +0.000s, framerate x1.000, score 165893.0
2026-09-03 00:06:32 [INFO] [156/382] IN_SYNC  Iron Man (2008).eng.srt in 57.4s (already aligned (offset +0.000s, below the 0.1s threshold); original untouched)
2026-09-03 00:06:32 [INFO] [157/382] syncing Iron Man 2 (2010).eng.srt against Iron Man 2 (2010).mkv
2026-09-03 00:07:22 [INFO] ffsubsync measured: offset +0.040s, framerate x1.000, score 147316.0
2026-09-03 00:07:22 [INFO] [157/382] IN_SYNC  Iron Man 2 (2010).eng.srt in 50.0s (already aligned (offset +0.040s, below the 0.1s threshold); original untouched)
2026-09-03 00:07:22 [INFO] [158/382] syncing IT (2017).eng.srt against IT (2017).mkv
2026-09-03 00:08:11 [INFO] ffsubsync measured: offset +0.020s, framerate x1.000, score 309596.0
2026-09-03 00:08:11 [INFO] [158/382] IN_SYNC  IT (2017).eng.srt in 48.6s (already aligned (offset +0.020s, below the 0.1s threshold); original untouched)
2026-09-03 00:08:11 [INFO] [159/382] syncing James and the Giant Peach (1996).eng.srt against James and the Giant Peach (1996).mkv
2026-09-03 00:09:08 [INFO] ffsubsync measured: offset +0.010s, framerate x1.000, score 3313.0
2026-09-03 00:09:08 [INFO] [159/382] IN_SYNC  James and the Giant Peach (1996).eng.srt in 57.5s (already aligned (offset +0.010s, below the 0.1s threshold); original untouched)
2026-09-03 00:09:08 [INFO] [160/382] syncing Jaws (1975).eng.srt against Jaws (1975).mkv
2026-09-03 00:10:09 [INFO] ffsubsync measured: offset +0.060s, framerate x1.000, score 210839.0
2026-09-03 00:10:09 [INFO] [160/382] IN_SYNC  Jaws (1975).eng.srt in 60.7s (already aligned (offset +0.060s, below the 0.1s threshold); original untouched)
2026-09-03 00:10:09 [INFO] [161/382] syncing Jimmy Neutron Boy Genius (2001).eng.srt against Jimmy Neutron Boy Genius (2001).mkv
2026-09-03 00:10:43 [INFO] ffsubsync measured: offset +0.040s, framerate x1.000, score 77989.0
2026-09-03 00:10:43 [INFO] [161/382] IN_SYNC  Jimmy Neutron Boy Genius (2001).eng.srt in 34.6s (already aligned (offset +0.040s, below the 0.1s threshold); original untouched)
2026-09-03 00:10:43 [INFO] [162/382] syncing John Q (2002).eng.srt against John Q (2002).mkv
2026-09-03 00:11:40 [INFO] ffsubsync measured: offset +0.160s, framerate x1.000, score -20420.0
2026-09-03 00:11:44 [INFO] fetched replacement subtitle id=257524 (John Q. (2002) 1080p.BluRay.x264-RETREAT); retrying ffsubsync
2026-09-03 00:12:02 [INFO] ffsubsync measured: offset -0.040s, framerate x1.000, score 30303.0
2026-09-03 00:12:02 [INFO] [162/382] IN_SYNC  John Q (2002).eng.srt in 78.9s (already aligned (offset -0.040s, below the 0.1s threshold); original untouched)
2026-09-03 00:12:02 [INFO] [163/382] syncing Joker (2019).eng.srt against Joker (2019).mkv
2026-09-03 00:13:09 [INFO] ffsubsync measured: offset -0.030s, framerate x1.000, score 234126.0
2026-09-03 00:13:09 [INFO] [163/382] IN_SYNC  Joker (2019).eng.srt in 66.5s (already aligned (offset -0.030s, below the 0.1s threshold); original untouched)
2026-09-03 00:13:09 [INFO] [164/382] syncing Jumanji (1995).eng.srt against Jumanji (1995).mkv
2026-09-03 00:14:18 [INFO] ffsubsync measured: offset +0.000s, framerate x1.000, score 176793.0
2026-09-03 00:14:18 [INFO] [164/382] IN_SYNC  Jumanji (1995).eng.srt in 69.5s (already aligned (offset +0.000s, below the 0.1s threshold); original untouched)
2026-09-03 00:14:18 [INFO] [165/382] syncing Juno (2007).eng.srt against Juno (2007).mkv
2026-09-03 00:15:49 [INFO] ffsubsync measured: offset +0.000s, framerate x1.000, score 261071.0
2026-09-03 00:15:49 [INFO] [165/382] IN_SYNC  Juno (2007).eng.srt in 90.5s (already aligned (offset +0.000s, below the 0.1s threshold); original untouched)
2026-09-03 00:15:49 [INFO] [166/382] syncing Jurassic Park (1993).eng.srt against Jurassic Park (1993).mkv
2026-09-03 00:17:17 [INFO] ffsubsync measured: offset +0.000s, framerate x1.000, score 215512.0
2026-09-03 00:17:17 [INFO] [166/382] IN_SYNC  Jurassic Park (1993).eng.srt in 88.2s (already aligned (offset +0.000s, below the 0.1s threshold); original untouched)
2026-09-03 00:17:17 [INFO] [167/382] syncing Jurassic World (2015).eng.srt against Jurassic World (2015).mkv
2026-09-03 00:19:11 [INFO] ffsubsync measured: offset +0.000s, framerate x1.000, score 195564.0
2026-09-03 00:19:11 [INFO] [167/382] IN_SYNC  Jurassic World (2015).eng.srt in 113.8s (already aligned (offset +0.000s, below the 0.1s threshold); original untouched)
2026-09-03 00:19:11 [INFO] [168/382] syncing Kick-Ass (2010).eng.srt against Kick-Ass (2010).mkv
2026-09-03 00:20:32 [INFO] ffsubsync measured: offset -0.020s, framerate x1.000, score 232027.0
2026-09-03 00:20:32 [INFO] [168/382] IN_SYNC  Kick-Ass (2010).eng.srt in 81.4s (already aligned (offset -0.020s, below the 0.1s threshold); original untouched)
2026-09-03 00:20:32 [INFO] [169/382] syncing King Richard (2021).eng.srt against King Richard (2021).mkv
2026-09-03 00:22:14 [INFO] ffsubsync measured: offset +0.020s, framerate x1.000, score 72000.0
2026-09-03 00:22:14 [INFO] [169/382] IN_SYNC  King Richard (2021).eng.srt in 101.8s (already aligned (offset +0.020s, below the 0.1s threshold); original untouched)
2026-09-03 00:22:14 [INFO] [170/382] syncing Knives Out (2019).eng.srt against Knives Out (2019).mkv
2026-09-03 00:23:44 [INFO] ffsubsync measured: offset +0.000s, framerate x1.000, score 9898.0
2026-09-03 00:23:44 [INFO] [170/382] IN_SYNC  Knives Out (2019).eng.srt in 89.9s (already aligned (offset +0.000s, below the 0.1s threshold); original untouched)
2026-09-03 00:23:44 [INFO] [171/382] syncing Knowing (2009).eng.srt against Knowing (2009).mkv
2026-09-03 00:24:14 [INFO] ffsubsync measured: offset +0.020s, framerate x1.000, score 251969.0
2026-09-03 00:24:14 [INFO] [171/382] IN_SYNC  Knowing (2009).eng.srt in 29.8s (already aligned (offset +0.020s, below the 0.1s threshold); original untouched)
2026-09-03 00:24:14 [INFO] [172/382] syncing Kung Fu Panda (2008).eng.srt against Kung Fu Panda (2008).mkv
2026-09-03 00:25:01 [INFO] ffsubsync measured: offset +0.000s, framerate x1.000, score 121278.0
2026-09-03 00:25:01 [INFO] [172/382] IN_SYNC  Kung Fu Panda (2008).eng.srt in 47.5s (already aligned (offset +0.000s, below the 0.1s threshold); original untouched)
2026-09-03 00:25:01 [INFO] [173/382] syncing Legally Blonde (2001).eng.srt against Legally Blonde (2001).mkv
2026-09-03 00:26:10 [INFO] ffsubsync measured: offset +0.080s, framerate x1.000, score 91400.0
2026-09-03 00:26:10 [INFO] [173/382] IN_SYNC  Legally Blonde (2001).eng.srt in 69.0s (already aligned (offset +0.080s, below the 0.1s threshold); original untouched)
2026-09-03 00:26:10 [INFO] [174/382] syncing Logan (2017).eng.srt against Logan (2017).mkv
2026-09-03 00:27:25 [INFO] ffsubsync measured: offset +0.080s, framerate x1.000, score 361758.0
2026-09-03 00:27:25 [INFO] [174/382] IN_SYNC  Logan (2017).eng.srt in 74.3s (already aligned (offset +0.080s, below the 0.1s threshold); original untouched)
2026-09-03 00:27:25 [INFO] [175/382] syncing Lone Survivor (2013).eng.srt against Lone Survivor (2013).mkv
2026-09-03 00:28:32 [INFO] ffsubsync measured: offset +0.000s, framerate x1.000, score 276516.0
2026-09-03 00:28:32 [INFO] [175/382] IN_SYNC  Lone Survivor (2013).eng.srt in 67.6s (already aligned (offset +0.000s, below the 0.1s threshold); original untouched)
2026-09-03 00:28:32 [INFO] [176/382] syncing Madagascar (2005).eng.srt against Madagascar (2005).mkv
2026-09-03 00:29:20 [INFO] ffsubsync measured: offset -0.060s, framerate x1.000, score 64918.0
2026-09-03 00:29:20 [INFO] [176/382] IN_SYNC  Madagascar (2005).eng.srt in 47.4s (already aligned (offset -0.060s, below the 0.1s threshold); original untouched)
2026-09-03 00:29:20 [INFO] [177/382] syncing Magnolia (1999).eng.srt against Magnolia (1999).mkv
2026-09-03 00:31:07 [INFO] ffsubsync measured: offset +0.020s, framerate x1.000, score 17477.0
2026-09-03 00:31:07 [INFO] [177/382] IN_SYNC  Magnolia (1999).eng.srt in 107.2s (already aligned (offset +0.020s, below the 0.1s threshold); original untouched)
2026-09-03 00:31:07 [INFO] [178/382] syncing Marty Supreme (2025).eng.srt against Marty Supreme (2025).mkv
2026-09-03 00:32:39 [INFO] ffsubsync measured: offset -0.030s, framerate x1.000, score -157214.0
2026-09-03 00:32:43 [INFO] fetched replacement subtitle id=11797357 (Marty.Supreme.2025.1080p.AMZN.WEB-DL.DDP5.1.Atmos.H); retrying ffsubsync
2026-09-03 00:34:16 [INFO] ffsubsync measured: offset +0.110s, framerate x0.999, score -84281.0
2026-09-03 00:34:18 [INFO] fetched replacement subtitle id=11896777 (Marty.Supreme.2025.1080p.WEB.DL.x265.6CH-Pahe); retrying ffsubsync
2026-09-03 00:35:51 [INFO] ffsubsync measured: offset +0.000s, framerate x1.000, score -39672.0
2026-09-03 00:35:54 [INFO] fetched replacement subtitle id=11797358 (Marty.Supreme.2025.1080p.AMZN.WEB-DL.DDP5.1.Atmos.H); retrying ffsubsync
2026-09-03 00:37:26 [INFO] ffsubsync measured: offset +0.100s, framerate x0.999, score -92769.0
2026-09-03 00:37:30 [INFO] fetched replacement subtitle id=12101491 ([FIXED+JPN]Marty.Supreme.2025.2160p.UHD.BluRay.REMUX.DV.P7.HDR.MULTi.); retrying ffsubsync
2026-09-03 00:39:02 [INFO] ffsubsync measured: offset -0.030s, framerate x1.000, score -157214.0
2026-09-03 00:39:05 [INFO] fetched replacement subtitle id=12462810 (Marty Supreme 2025 USA A24 BluRay 2160p TrueHD7.1 DoVi HDR10 x265 10bit-CHD_track6_[eng]-eng); retrying ffsubsync
2026-09-03 00:40:38 [INFO] ffsubsync measured: offset -0.170s, framerate x1.000, score -39637.0
2026-09-03 00:40:38 [INFO] [178/382] REVIEW   Marty Supreme (2025).eng.srt in 570.9s (ffsubsync's quality gate rejected the alignment; original kept for review)
2026-09-03 00:40:38 [INFO] [179/382] syncing Mean Girls (2004).eng.srt against Mean Girls (2004).mkv
2026-09-03 00:41:24 [INFO] ffsubsync measured: offset -0.060s, framerate x1.000, score 22774.0
2026-09-03 00:41:24 [INFO] [179/382] IN_SYNC  Mean Girls (2004).eng.srt in 45.9s (already aligned (offset -0.060s, below the 0.1s threshold); original untouched)
2026-09-03 00:41:24 [INFO] [180/382] syncing Meet the Robinsons (2007).eng.srt against Meet the Robinsons (2007).mkv
2026-09-03 00:42:06 [INFO] ffsubsync measured: offset +0.000s, framerate x1.000, score 76458.0
2026-09-03 00:42:06 [INFO] [180/382] IN_SYNC  Meet the Robinsons (2007).eng.srt in 42.2s (already aligned (offset +0.000s, below the 0.1s threshold); original untouched)
2026-09-03 00:42:06 [INFO] [181/382] syncing Megamind (2010).eng.srt against Megamind (2010).mkv
2026-09-03 00:42:56 [INFO] ffsubsync measured: offset +0.040s, framerate x1.000, score 56350.0
2026-09-03 00:42:56 [INFO] [181/382] IN_SYNC  Megamind (2010).eng.srt in 50.4s (already aligned (offset +0.040s, below the 0.1s threshold); original untouched)
2026-09-03 00:42:56 [INFO] [182/382] syncing Memento (2000).eng.srt against Memento (2000).mkv
2026-09-03 00:43:36 [INFO] ffsubsync measured: offset -0.010s, framerate x1.000, score 229257.0
2026-09-03 00:43:36 [INFO] [182/382] IN_SYNC  Memento (2000).eng.srt in 39.2s (already aligned (offset -0.010s, below the 0.1s threshold); original untouched)
2026-09-03 00:43:36 [INFO] [183/382] syncing Minority Report (2002).eng.srt against Minority Report (2002).mkv
2026-09-03 00:44:50 [INFO] ffsubsync measured: offset +0.010s, framerate x1.000, score 135842.0
2026-09-03 00:44:50 [INFO] [183/382] IN_SYNC  Minority Report (2002).eng.srt in 74.6s (already aligned (offset +0.010s, below the 0.1s threshold); original untouched)
2026-09-03 00:44:50 [INFO] [184/382] syncing Mission - Impossible - Fallout (2018).eng.srt against Mission - Impossible - Fallout (2018).mkv
2026-09-03 00:46:10 [INFO] ffsubsync measured: offset +0.000s, framerate x1.000, score 235774.0
2026-09-03 00:46:10 [INFO] [184/382] IN_SYNC  Mission - Impossible - Fallout (2018).eng.srt in 79.7s (already aligned (offset +0.000s, below the 0.1s threshold); original untouched)
2026-09-03 00:46:10 [INFO] [185/382] syncing Monsters University (2013).eng.srt against Monsters University (2013).mkv
2026-09-03 00:46:43 [INFO] ffsubsync measured: offset +0.000s, framerate x1.000, score 169386.0
2026-09-03 00:46:43 [INFO] [185/382] IN_SYNC  Monsters University (2013).eng.srt in 32.8s (already aligned (offset +0.000s, below the 0.1s threshold); original untouched)
2026-09-03 00:46:43 [INFO] [186/382] syncing Monsters, Inc (2001).eng.srt against Monsters, Inc (2001).mkv
2026-09-03 00:47:25 [INFO] ffsubsync measured: offset +0.390s, framerate x1.043, score 1808.4
2026-09-03 00:47:26 [INFO] [186/382] SYNCED   Monsters, Inc (2001).eng.srt in 42.8s (offset +0.390s, framerate x1.043)
2026-09-03 00:47:26 [INFO] [187/382] syncing Moon (2009).eng.srt against Moon (2009).mkv
2026-09-03 00:48:04 [INFO] ffsubsync measured: offset +0.000s, framerate x1.000, score 271960.0
2026-09-03 00:48:04 [INFO] [187/382] IN_SYNC  Moon (2009).eng.srt in 38.2s (already aligned (offset +0.000s, below the 0.1s threshold); original untouched)
2026-09-03 00:48:04 [INFO] [188/382] syncing Mulan (1998).eng.srt against Mulan (1998).mkv
2026-09-03 00:48:41 [INFO] ffsubsync measured: offset -0.060s, framerate x1.000, score 70274.0
2026-09-03 00:48:41 [INFO] [188/382] IN_SYNC  Mulan (1998).eng.srt in 37.1s (already aligned (offset -0.060s, below the 0.1s threshold); original untouched)
2026-09-03 00:48:41 [INFO] [189/382] syncing Napoleon Dynamite (2004).eng.srt against Napoleon Dynamite (2004).mkv
2026-09-03 00:49:21 [INFO] ffsubsync measured: offset +0.000s, framerate x1.000, score 134076.0
2026-09-03 00:49:22 [INFO] [189/382] IN_SYNC  Napoleon Dynamite (2004).eng.srt in 40.7s (already aligned (offset +0.000s, below the 0.1s threshold); original untouched)
2026-09-03 00:49:22 [INFO] [190/382] syncing National Lampoon's Christmas Vacation (1989).eng.srt against National Lampoon's Christmas Vacation (1989).mkv
2026-09-03 00:50:00 [INFO] ffsubsync measured: offset +0.070s, framerate x1.000, score 167736.0
2026-09-03 00:50:00 [INFO] [190/382] IN_SYNC  National Lampoon's Christmas Vacation (1989).eng.srt in 38.2s (already aligned (offset +0.070s, below the 0.1s threshold); original untouched)
2026-09-03 00:50:00 [INFO] [191/382] syncing National Treasure (2004).eng.srt against National Treasure (2004).mkv
2026-09-03 00:50:44 [INFO] ffsubsync measured: offset +0.000s, framerate x1.000, score 69367.0
2026-09-03 00:50:44 [INFO] [191/382] IN_SYNC  National Treasure (2004).eng.srt in 43.9s (already aligned (offset +0.000s, below the 0.1s threshold); original untouched)
2026-09-03 00:50:44 [INFO] [192/382] syncing National Treasure Book of Secrets (2007).eng.srt against National Treasure Book of Secrets (2007).mkv
2026-09-03 00:51:24 [INFO] ffsubsync measured: offset +0.000s, framerate x1.000, score 153920.0
2026-09-03 00:51:24 [INFO] [192/382] IN_SYNC  National Treasure Book of Secrets (2007).eng.srt in 40.4s (already aligned (offset +0.000s, below the 0.1s threshold); original untouched)
2026-09-03 00:51:24 [INFO] [193/382] syncing Night at the Museum (2006).eng.srt against Night at the Museum (2006).mkv
2026-09-03 00:52:27 [INFO] ffsubsync measured: offset +0.010s, framerate x1.000, score 175308.0
2026-09-03 00:52:27 [INFO] [193/382] IN_SYNC  Night at the Museum (2006).eng.srt in 63.5s (already aligned (offset +0.010s, below the 0.1s threshold); original untouched)
2026-09-03 00:52:27 [INFO] [194/382] syncing Nightcrawler (2014).eng.srt against Nightcrawler (2014).mkv
2026-09-03 00:53:20 [INFO] ffsubsync measured: offset +0.000s, framerate x1.000, score 154058.0
2026-09-03 00:53:20 [INFO] [194/382] IN_SYNC  Nightcrawler (2014).eng.srt in 52.9s (already aligned (offset +0.000s, below the 0.1s threshold); original untouched)
2026-09-03 00:53:20 [INFO] [195/382] syncing No Country for Old Men (2007).eng.srt against No Country for Old Men (2007).mkv
2026-09-03 00:54:06 [INFO] ffsubsync measured: offset -0.080s, framerate x1.000, score 336018.0
2026-09-03 00:54:06 [INFO] [195/382] IN_SYNC  No Country for Old Men (2007).eng.srt in 45.8s (already aligned (offset -0.080s, below the 0.1s threshold); original untouched)
2026-09-03 00:54:06 [INFO] [196/382] syncing Now You See Me (2013).eng.srt against Now You See Me (2013).mkv
2026-09-03 00:55:16 [INFO] ffsubsync measured: offset +0.040s, framerate x1.000, score 36869.0
2026-09-03 00:55:16 [INFO] [196/382] IN_SYNC  Now You See Me (2013).eng.srt in 69.8s (already aligned (offset +0.040s, below the 0.1s threshold); original untouched)
2026-09-03 00:55:16 [INFO] [197/382] syncing Oblivion (2013).eng.srt against Oblivion (2013).mkv
2026-09-03 00:56:04 [INFO] ffsubsync measured: offset +0.000s, framerate x1.000, score 292452.0
2026-09-03 00:56:04 [INFO] [197/382] IN_SYNC  Oblivion (2013).eng.srt in 48.4s (already aligned (offset +0.000s, below the 0.1s threshold); original untouched)
2026-09-03 00:56:04 [INFO] [198/382] syncing Obsession (2026).eng.srt against Obsession (2026).mkv
2026-09-03 00:57:02 [INFO] ffsubsync measured: offset +2.190s, framerate x1.001, score 172876.8
2026-09-03 00:57:02 [INFO] [198/382] SYNCED   Obsession (2026).eng.srt in 58.2s (offset +2.190s, framerate x1.001)
2026-09-03 00:57:02 [INFO] [199/382] syncing October Sky (1999).eng.srt against October Sky (1999).mkv
2026-09-03 00:57:40 [INFO] ffsubsync measured: offset +0.000s, framerate x1.000, score 143556.0
2026-09-03 00:57:40 [INFO] [199/382] IN_SYNC  October Sky (1999).eng.srt in 37.1s (already aligned (offset +0.000s, below the 0.1s threshold); original untouched)
2026-09-03 00:57:40 [INFO] [200/382] syncing Office Space (1999).eng.srt against Office Space (1999).mkv
2026-09-03 00:58:32 [INFO] ffsubsync measured: offset -0.100s, framerate x1.000, score 43874.0
2026-09-03 00:58:32 [INFO] [200/382] SYNCED   Office Space (1999).eng.srt in 52.9s (offset -0.100s, framerate x1.000)
2026-09-03 00:58:32 [INFO] [201/382] syncing One Flew Over the Cuckoo's Nest (1975).eng.srt against One Flew Over the Cuckoo's Nest (1975).mkv
2026-09-03 00:59:39 [INFO] ffsubsync measured: offset +0.010s, framerate x1.000, score 169738.0
2026-09-03 00:59:39 [INFO] [201/382] IN_SYNC  One Flew Over the Cuckoo's Nest (1975).eng.srt in 66.7s (already aligned (offset +0.010s, below the 0.1s threshold); original untouched)
2026-09-03 00:59:39 [INFO] [202/382] syncing Open Season (2006).eng.srt against Open Season (2006).mkv
2026-09-03 01:00:13 [INFO] ffsubsync measured: offset +0.000s, framerate x1.000, score 51802.0
2026-09-03 01:00:13 [INFO] [202/382] IN_SYNC  Open Season (2006).eng.srt in 33.5s (already aligned (offset +0.000s, below the 0.1s threshold); original untouched)
2026-09-03 01:00:13 [INFO] [203/382] syncing Oppenheimer (2023).eng.srt against Oppenheimer (2023).mkv
2026-09-03 01:00:52 [INFO] ffsubsync measured: offset +0.030s, framerate x1.000, score -159230.0
2026-09-03 01:00:55 [INFO] fetched replacement subtitle id=8384207 (Oppenheimer.2023.1080p.BluRay.x264.AAC5.1-[YTS); retrying ffsubsync
2026-09-03 01:01:21 [INFO] ffsubsync measured: offset +0.030s, framerate x1.000, score -159230.0
2026-09-03 01:01:24 [INFO] fetched replacement subtitle id=8371858 (Oppenheimer.2023.1080p.MA.WEB-DL.DDP5.1.Atmos.H.264); retrying ffsubsync
2026-09-03 01:01:50 [INFO] ffsubsync measured: offset -0.670s, framerate x1.000, score -158885.0
2026-09-03 01:01:53 [INFO] fetched replacement subtitle id=8384554 (Oppenheimer.2023.1080p.BluRay.x264-Will1869); retrying ffsubsync
2026-09-03 01:02:19 [INFO] ffsubsync measured: offset +0.040s, framerate x1.000, score -36999.0
2026-09-03 01:02:23 [INFO] fetched replacement subtitle id=8741566 (Oppenheimer.2023.IMAX.1080p.BluRay.CXWONG.en); retrying ffsubsync
2026-09-03 01:02:49 [INFO] ffsubsync measured: offset +0.040s, framerate x1.000, score -3677.0
2026-09-03 01:02:52 [INFO] fetched replacement subtitle id=8542672 (Oppenheimer (2023) Bluray-1080p Proper.en); retrying ffsubsync
2026-09-03 01:03:18 [INFO] ffsubsync measured: offset +23.050s, framerate x1.000, score -132307.0
2026-09-03 01:03:18 [INFO] [203/382] REVIEW   Oppenheimer (2023).eng.srt in 185.7s (ffsubsync's quality gate rejected the alignment; original kept for review)
2026-09-03 01:03:18 [INFO] [204/382] syncing Osmosis Jones (2001).eng.sdh.srt against Osmosis Jones (2001).mkv
2026-09-03 01:03:51 [INFO] ffsubsync measured: offset +1.180s, framerate x1.000, score -37928.0
2026-09-03 01:03:54 [INFO] fetched replacement subtitle id=4885466 (Osmosis.Jones.2001.1080p.Amazon.WEB-DL.DD2.0.x264-ViSUM); retrying ffsubsync
2026-09-03 01:04:05 [INFO] ffsubsync measured: offset +1.180s, framerate x1.000, score -37928.0
2026-09-03 01:04:08 [INFO] fetched replacement subtitle id=506519 (Osmosis.Jones.2001.1080p.HDTV.x264.DD5.1-FGT.en); retrying ffsubsync
2026-09-03 01:04:18 [INFO] ffsubsync measured: offset +1.540s, framerate x1.000, score 90352.0
2026-09-03 01:04:18 [INFO] [204/382] SYNCED   Osmosis Jones (2001).eng.sdh.srt in 59.8s (offset +1.540s, framerate x1.000)
2026-09-03 01:04:18 [INFO] [205/382] syncing Over the Hedge (2006).eng.srt against Over the Hedge (2006).mkv
2026-09-03 01:04:49 [INFO] ffsubsync measured: offset +26.590s, framerate x1.000, score -60183.0
2026-09-03 01:04:53 [INFO] fetched replacement subtitle id=3229990 (Over.The.Hedge.(2006).1080p.BrRip.x264.Dual.audio.(English-Hindi).{Khiladi786}); retrying ffsubsync
2026-09-03 01:05:06 [INFO] ffsubsync measured: offset +26.170s, framerate x1.000, score -60524.0
2026-09-03 01:05:09 [INFO] fetched replacement subtitle id=3229694 (Over.the.Hedge.2006.MULTi.1080p.WEB-DL.AC3.x264-TPX); retrying ffsubsync
2026-09-03 01:05:22 [INFO] ffsubsync measured: offset +25.350s, framerate x1.000, score -31655.0
2026-09-03 01:05:25 [INFO] fetched replacement subtitle id=8321662 (Over the Hedge.2006.BDRip.1080p.Eng-Full); retrying ffsubsync
2026-09-03 01:05:38 [INFO] ffsubsync measured: offset +0.040s, framerate x1.000, score 93868.0
2026-09-03 01:05:38 [INFO] [205/382] IN_SYNC  Over the Hedge (2006).eng.srt in 79.9s (already aligned (offset +0.040s, below the 0.1s threshold); original untouched)
2026-09-03 01:05:38 [INFO] [206/382] syncing Parasite (2019).eng.srt against Parasite (2019).mkv
2026-09-03 01:06:32 [INFO] ffsubsync measured: offset +0.010s, framerate x1.000, score 175123.0
2026-09-03 01:06:32 [INFO] [206/382] IN_SYNC  Parasite (2019).eng.srt in 53.5s (already aligned (offset +0.010s, below the 0.1s threshold); original untouched)
2026-09-03 01:06:32 [INFO] [207/382] syncing Pearl (2022).eng.srt against Pearl (2022).mkv
2026-09-03 01:07:35 [INFO] ffsubsync measured: offset -0.050s, framerate x1.000, score 299922.0
2026-09-03 01:07:35 [INFO] [207/382] IN_SYNC  Pearl (2022).eng.srt in 63.7s (already aligned (offset -0.050s, below the 0.1s threshold); original untouched)
2026-09-03 01:07:35 [INFO] [208/382] syncing Pineapple Express (2008).eng.srt against Pineapple Express (2008).mkv
2026-09-03 01:08:33 [INFO] ffsubsync measured: offset +0.000s, framerate x1.000, score 115607.0
2026-09-03 01:08:33 [INFO] [208/382] IN_SYNC  Pineapple Express (2008).eng.srt in 57.7s (already aligned (offset +0.000s, below the 0.1s threshold); original untouched)
2026-09-03 01:08:33 [INFO] [209/382] syncing Pirates of the Caribbean At World's End (2007).eng.srt against Pirates of the Caribbean At World's End (2007).mkv
2026-09-03 01:09:23 [INFO] ffsubsync measured: offset +0.000s, framerate x1.000, score 111175.0
2026-09-03 01:09:23 [INFO] [209/382] IN_SYNC  Pirates of the Caribbean At World's End (2007).eng.srt in 50.0s (already aligned (offset +0.000s, below the 0.1s threshold); original untouched)
2026-09-03 01:09:23 [INFO] [210/382] syncing Pirates of the Caribbean Dead Man's Chest (2006).eng.srt against Pirates of the Caribbean Dead Man's Chest (2006).mkv
2026-09-03 01:10:10 [INFO] ffsubsync measured: offset -31.750s, framerate x1.042, score 141974.4
2026-09-03 01:10:13 [INFO] fetched replacement subtitle id=subdl:url:8307cbebe528fd2ac00426e5 (Pirates.Of.The.Caribbean.Dead.Man's.Chest.2006.720p.BluRay.Ganool); retrying ffsubsync
2026-09-03 01:10:54 [INFO] ffsubsync measured: offset -0.500s, framerate x1.000, score 244359.0
2026-09-03 01:10:55 [INFO] [210/382] SYNCED   Pirates of the Caribbean Dead Man's Chest (2006).eng.srt in 91.5s (offset -0.500s, framerate x1.000)
2026-09-03 01:10:55 [INFO] [211/382] syncing Pirates of the Caribbean The Curse of the Black Pearl (2003).eng.srt against Pirates of the Caribbean The Curse of the Black Pearl (2003).mkv
2026-09-03 01:11:39 [INFO] ffsubsync measured: offset +0.010s, framerate x1.000, score 166733.0
2026-09-03 01:11:39 [INFO] [211/382] IN_SYNC  Pirates of the Caribbean The Curse of the Black Pearl (2003).eng.srt in 44.7s (already aligned (offset +0.010s, below the 0.1s threshold); original untouched)
2026-09-03 01:11:39 [INFO] [212/382] syncing Pitch Perfect (2012).eng.srt against Pitch Perfect (2012).mkv
2026-09-03 01:12:29 [INFO] ffsubsync measured: offset +0.060s, framerate x1.000, score 133686.0
2026-09-03 01:12:29 [INFO] [212/382] IN_SYNC  Pitch Perfect (2012).eng.srt in 49.3s (already aligned (offset +0.060s, below the 0.1s threshold); original untouched)
2026-09-03 01:12:29 [INFO] [213/382] syncing Prisoners (2013).eng.srt against Prisoners (2013).mkv
2026-09-03 01:13:00 [INFO] ffsubsync measured: offset -0.060s, framerate x1.000, score 304463.0
2026-09-03 01:13:00 [INFO] [213/382] IN_SYNC  Prisoners (2013).eng.srt in 31.3s (already aligned (offset -0.060s, below the 0.1s threshold); original untouched)
2026-09-03 01:13:00 [INFO] [214/382] syncing Project Hail Mary (2026).eng.srt against Project Hail Mary (2026).mkv
2026-09-03 01:14:54 [INFO] ffsubsync measured: offset -0.010s, framerate x1.000, score 297964.0
2026-09-03 01:14:54 [INFO] [214/382] IN_SYNC  Project Hail Mary (2026).eng.srt in 114.1s (already aligned (offset -0.010s, below the 0.1s threshold); original untouched)
2026-09-03 01:14:54 [INFO] [215/382] syncing Project X (2012).eng.srt against Project X (2012).mkv
2026-09-03 01:15:56 [INFO] ffsubsync measured: offset -26.340s, framerate x1.042, score 38748.3
2026-09-03 01:15:56 [INFO] [215/382] SYNCED   Project X (2012).eng.srt in 62.0s (offset -26.340s, framerate x1.042)
2026-09-03 01:15:56 [INFO] [216/382] syncing Pulp Fiction (1994).eng.srt against Pulp Fiction (1994).mkv
2026-09-03 01:17:50 [INFO] ffsubsync measured: offset +0.000s, framerate x1.000, score 76359.0
2026-09-03 01:17:50 [INFO] [216/382] IN_SYNC  Pulp Fiction (1994).eng.srt in 113.7s (already aligned (offset +0.000s, below the 0.1s threshold); original untouched)
2026-09-03 01:17:50 [INFO] [217/382] syncing Ratatouille (2007).eng.srt against Ratatouille (2007).mkv
2026-09-03 01:18:27 [INFO] ffsubsync measured: offset -0.010s, framerate x1.000, score 120034.0
2026-09-03 01:18:27 [INFO] [217/382] IN_SYNC  Ratatouille (2007).eng.srt in 37.4s (already aligned (offset -0.010s, below the 0.1s threshold); original untouched)
2026-09-03 01:18:27 [INFO] [218/382] syncing Ready Player One (2018).eng.srt against Ready Player One (2018).mkv
2026-09-03 01:19:31 [INFO] ffsubsync measured: offset +0.000s, framerate x1.000, score 132253.0
2026-09-03 01:19:31 [INFO] [218/382] IN_SYNC  Ready Player One (2018).eng.srt in 63.9s (already aligned (offset +0.000s, below the 0.1s threshold); original untouched)
2026-09-03 01:19:31 [INFO] [219/382] syncing Real Steel (2011).eng.srt against Real Steel (2011).mkv
2026-09-03 01:20:51 [INFO] ffsubsync measured: offset +0.000s, framerate x1.000, score 103836.0
2026-09-03 01:20:51 [INFO] [219/382] IN_SYNC  Real Steel (2011).eng.srt in 79.5s (already aligned (offset +0.000s, below the 0.1s threshold); original untouched)
2026-09-03 01:20:51 [INFO] [220/382] syncing Remember the Titans (2000).eng.srt against Remember the Titans (2000).mkv
2026-09-03 01:21:52 [INFO] ffsubsync measured: offset -0.170s, framerate x1.000, score -143908.0
2026-09-03 01:21:56 [INFO] fetched replacement subtitle id=6931504 (Remember.The.Titans.2000.1080p.BluRay.x264-[YTS.AG]); retrying ffsubsync
2026-09-03 01:22:12 [INFO] ffsubsync measured: offset -0.600s, framerate x1.000, score -105058.0
2026-09-03 01:22:15 [INFO] fetched replacement subtitle id=260937 (remember.the.titans.2000.1080p.bluray.x264-hdmi); retrying ffsubsync
2026-09-03 01:22:30 [INFO] ffsubsync measured: offset -0.390s, framerate x1.000, score -144563.0
2026-09-03 01:22:33 [INFO] fetched replacement subtitle id=7327035 (Remember.The.Titans.2000.1080p.BluRay.DTS.x264-CtrlHD); retrying ffsubsync
2026-09-03 01:22:49 [INFO] ffsubsync measured: offset -0.390s, framerate x1.000, score -146561.0
2026-09-03 01:22:52 [INFO] fetched replacement subtitle id=260774 (Remember the Titans 2000 1080p EN); retrying ffsubsync
2026-09-03 01:23:07 [INFO] ffsubsync measured: offset +7.640s, framerate x1.043, score -25822.8
2026-09-03 01:23:10 [INFO] fetched replacement subtitle id=259875 (Remember.The.Titans.2000.1080p.BluRay.DTS.x264-CtrlHD); retrying ffsubsync
2026-09-03 01:23:26 [INFO] ffsubsync measured: offset -0.050s, framerate x1.000, score 20030.0
2026-09-03 01:23:26 [INFO] [220/382] IN_SYNC  Remember the Titans (2000).eng.srt in 155.0s (already aligned (offset -0.050s, below the 0.1s threshold); original untouched)
2026-09-03 01:23:26 [INFO] [221/382] syncing Requiem for a Dream (2000).eng.srt against Requiem for a Dream (2000).mkv
2026-09-03 01:24:32 [INFO] ffsubsync measured: offset +0.000s, framerate x1.000, score 201333.0
2026-09-03 01:24:32 [INFO] [221/382] IN_SYNC  Requiem for a Dream (2000).eng.srt in 66.4s (already aligned (offset +0.000s, below the 0.1s threshold); original untouched)
2026-09-03 01:24:32 [INFO] [222/382] syncing Rise of the Planet of the Apes (2011).eng.srt against Rise of the Planet of the Apes (2011).mkv
2026-09-03 01:25:31 [INFO] ffsubsync measured: offset +54.960s, framerate x1.043, score 281695.8
2026-09-03 01:25:34 [INFO] fetched replacement subtitle id=832484 (Rise.of.the.Planet.of.the.Apes.2011.BluRay.1080p.DTS.x264-CHD); retrying ffsubsync
2026-09-03 01:25:49 [INFO] ffsubsync measured: offset +0.120s, framerate x1.000, score 156744.0
2026-09-03 01:25:49 [INFO] [222/382] SYNCED   Rise of the Planet of the Apes (2011).eng.srt in 77.3s (offset +0.120s, framerate x1.000)
2026-09-03 01:25:49 [INFO] [223/382] syncing Robots (2005).eng.srt against Robots (2005).mkv
2026-09-03 01:26:17 [INFO] ffsubsync measured: offset +0.020s, framerate x1.000, score 110101.0
2026-09-03 01:26:17 [INFO] [223/382] IN_SYNC  Robots (2005).eng.srt in 27.8s (already aligned (offset +0.020s, below the 0.1s threshold); original untouched)
2026-09-03 01:26:17 [INFO] [224/382] syncing Rocky (1976).eng.srt against Rocky (1976).mkv
2026-09-03 01:26:49 [INFO] ffsubsync measured: offset +0.000s, framerate x1.000, score 138701.0
2026-09-03 01:26:49 [INFO] [224/382] IN_SYNC  Rocky (1976).eng.srt in 32.2s (already aligned (offset +0.000s, below the 0.1s threshold); original untouched)
2026-09-03 01:26:49 [INFO] [225/382] syncing Room (2015).eng.srt against Room (2015).mkv
2026-09-03 01:27:34 [INFO] ffsubsync measured: offset +0.000s, framerate x1.000, score 188050.0
2026-09-03 01:27:34 [INFO] [225/382] IN_SYNC  Room (2015).eng.srt in 45.0s (already aligned (offset +0.000s, below the 0.1s threshold); original untouched)
2026-09-03 01:27:34 [INFO] [226/382] syncing Sausage Party (2016).eng.srt against Sausage Party (2016).mkv
2026-09-03 01:27:59 [INFO] ffsubsync measured: offset +0.130s, framerate x1.000, score -15370.0
2026-09-03 01:28:03 [INFO] fetched replacement subtitle id=3676433 (Sausage.Party.2016.1080p.BluRay.6CH.ShAaNiG-eng); retrying ffsubsync
2026-09-03 01:28:16 [INFO] ffsubsync measured: offset +0.130s, framerate x1.000, score 1758.0
2026-09-03 01:28:16 [INFO] [226/382] SYNCED   Sausage Party (2016).eng.srt in 41.3s (offset +0.130s, framerate x1.000)
2026-09-03 01:28:16 [INFO] [227/382] syncing Saving Private Ryan (1998).eng.srt against Saving Private Ryan (1998).mkv
2026-09-03 01:29:33 [INFO] ffsubsync measured: offset -43.070s, framerate x1.000, score 233434.0
2026-09-03 01:29:36 [INFO] fetched replacement subtitle id=225248 (Saving.Private.Ryan.1998.Bluray.1080p.DTSMA.AVC.REMUX-FraMeSToR.ENG); retrying ffsubsync
2026-09-03 01:30:54 [INFO] ffsubsync measured: offset -43.070s, framerate x1.000, score 233434.0
2026-09-03 01:30:57 [INFO] fetched replacement subtitle id=243421 (Saving Private Ryan (1998) 1080p BluRay.en); retrying ffsubsync
2026-09-03 01:32:14 [INFO] ffsubsync measured: offset -43.070s, framerate x1.000, score 233110.0
2026-09-03 01:32:17 [INFO] fetched replacement subtitle id=230029 (Saving.Private.Ryan.1998.1080p.BD9.x264-BDiSC); retrying ffsubsync
2026-09-03 01:33:35 [INFO] ffsubsync measured: offset +0.010s, framerate x1.000, score 234251.0
2026-09-03 01:33:35 [INFO] [227/382] IN_SYNC  Saving Private Ryan (1998).eng.srt in 319.7s (already aligned (offset +0.010s, below the 0.1s threshold); original untouched)
2026-09-03 01:33:35 [INFO] [228/382] syncing Saw (2004).eng.srt against Saw (2004).mkv
2026-09-03 01:34:46 [INFO] ffsubsync measured: offset +0.000s, framerate x1.000, score 222988.0
2026-09-03 01:34:46 [INFO] [228/382] IN_SYNC  Saw (2004).eng.srt in 70.3s (already aligned (offset +0.000s, below the 0.1s threshold); original untouched)
2026-09-03 01:34:46 [INFO] [229/382] syncing Scarface (1983).eng.srt against Scarface (1983).mkv
2026-09-03 01:35:55 [INFO] ffsubsync measured: offset +0.000s, framerate x1.000, score 216132.0
2026-09-03 01:35:55 [INFO] [229/382] IN_SYNC  Scarface (1983).eng.srt in 69.5s (already aligned (offset +0.000s, below the 0.1s threshold); original untouched)
2026-09-03 01:35:55 [INFO] [230/382] syncing Schindler's List (1993).eng.srt against Schindler's List (1993).mkv
2026-09-03 01:37:50 [INFO] ffsubsync measured: offset +0.040s, framerate x1.000, score 425943.0
2026-09-03 01:37:50 [INFO] [230/382] IN_SYNC  Schindler's List (1993).eng.srt in 114.6s (already aligned (offset +0.040s, below the 0.1s threshold); original untouched)
2026-09-03 01:37:50 [INFO] [231/382] syncing Scream (1996).eng.srt against Scream (1996).mkv
2026-09-03 01:39:01 [INFO] ffsubsync measured: offset +12.350s, framerate x1.000, score -49915.0
2026-09-03 01:39:04 [INFO] fetched replacement subtitle id=4476860 (Scream.1996.1080p.BluRay.x264[HDTeam][Frankie].ENG); retrying ffsubsync
2026-09-03 01:39:20 [INFO] ffsubsync measured: offset +12.350s, framerate x1.000, score -49915.0
2026-09-03 01:39:23 [INFO] fetched replacement subtitle id=4477694 (Scream 1996 BluRay 1080p DTS x264-LEGi0N); retrying ffsubsync
2026-09-03 01:39:38 [INFO] ffsubsync measured: offset +12.060s, framerate x1.000, score -40263.0
2026-09-03 01:39:41 [INFO] fetched replacement subtitle id=5269097 (Scream.1996.UNCUT.1080p.BluRay.H264); retrying ffsubsync
2026-09-03 01:39:57 [INFO] ffsubsync measured: offset -0.050s, framerate x1.000, score 39116.0
2026-09-03 01:39:57 [INFO] [231/382] IN_SYNC  Scream (1996).eng.srt in 127.0s (already aligned (offset -0.050s, below the 0.1s threshold); original untouched)
2026-09-03 01:39:57 [INFO] [232/382] syncing Se7en (1995).eng.srt against Se7en (1995).mkv
2026-09-03 01:41:39 [INFO] ffsubsync measured: offset +0.000s, framerate x1.000, score 225790.0
2026-09-03 01:41:39 [INFO] [232/382] IN_SYNC  Se7en (1995).eng.srt in 102.8s (already aligned (offset +0.000s, below the 0.1s threshold); original untouched)
2026-09-03 01:41:39 [INFO] [233/382] syncing Shark Tale (2004).eng.sdh.srt against Shark Tale (2004).mkv
2026-09-03 01:42:20 [INFO] ffsubsync measured: offset +0.050s, framerate x1.000, score 34951.0
2026-09-03 01:42:20 [INFO] [233/382] IN_SYNC  Shark Tale (2004).eng.sdh.srt in 40.4s (already aligned (offset +0.050s, below the 0.1s threshold); original untouched)
2026-09-03 01:42:20 [INFO] [234/382] syncing Shazam! (2019).eng.srt against Shazam! (2019).mkv
2026-09-03 01:43:31 [INFO] ffsubsync measured: offset +0.020s, framerate x1.000, score 219298.0
2026-09-03 01:43:31 [INFO] [234/382] IN_SYNC  Shazam! (2019).eng.srt in 71.2s (already aligned (offset +0.020s, below the 0.1s threshold); original untouched)
2026-09-03 01:43:31 [INFO] [235/382] syncing Shrek (2001).eng.srt against Shrek (2001).mkv
2026-09-03 01:44:23 [INFO] ffsubsync measured: offset -0.010s, framerate x1.000, score 60693.0
2026-09-03 01:44:23 [INFO] [235/382] IN_SYNC  Shrek (2001).eng.srt in 51.5s (already aligned (offset -0.010s, below the 0.1s threshold); original untouched)
2026-09-03 01:44:23 [INFO] [236/382] syncing Shrek 2 (2004).eng.srt against Shrek 2 (2004).mkv
2026-09-03 01:45:14 [INFO] ffsubsync measured: offset -0.120s, framerate x1.000, score -9871.0
2026-09-03 01:45:18 [INFO] fetched replacement subtitle id=4427788 (Shrek.2.2004.1080p.BluRay.H264); retrying ffsubsync
2026-09-03 01:45:32 [INFO] ffsubsync measured: offset -0.030s, framerate x1.000, score 115474.0
2026-09-03 01:45:32 [INFO] [236/382] IN_SYNC  Shrek 2 (2004).eng.srt in 69.6s (already aligned (offset -0.030s, below the 0.1s threshold); original untouched)
2026-09-03 01:45:32 [INFO] [237/382] syncing Shrek Forever After (2010).eng.srt against Shrek Forever After (2010).mkv
2026-09-03 01:46:09 [INFO] ffsubsync measured: offset -0.010s, framerate x1.000, score 121273.0
2026-09-03 01:46:09 [INFO] [237/382] IN_SYNC  Shrek Forever After (2010).eng.srt in 37.1s (already aligned (offset -0.010s, below the 0.1s threshold); original untouched)
2026-09-03 01:46:09 [INFO] [238/382] syncing Shutter Island (2010).eng.srt against Shutter Island (2010).mkv
2026-09-03 01:46:50 [INFO] ffsubsync measured: offset +0.010s, framerate x1.000, score 189497.0
2026-09-03 01:46:50 [INFO] [238/382] IN_SYNC  Shutter Island (2010).eng.srt in 40.4s (already aligned (offset +0.010s, below the 0.1s threshold); original untouched)
2026-09-03 01:46:50 [INFO] [239/382] syncing Sicario (2015).eng.srt against Sicario (2015).mkv
2026-09-03 01:47:30 [INFO] ffsubsync measured: offset +0.020s, framerate x1.000, score 312878.0
2026-09-03 01:47:30 [INFO] [239/382] IN_SYNC  Sicario (2015).eng.srt in 40.3s (already aligned (offset +0.020s, below the 0.1s threshold); original untouched)
2026-09-03 01:47:30 [INFO] [240/382] syncing Signs (2002).eng.srt against Signs (2002).mkv
2026-09-03 01:48:25 [INFO] ffsubsync measured: offset +0.000s, framerate x1.000, score 185407.0
2026-09-03 01:48:25 [INFO] [240/382] IN_SYNC  Signs (2002).eng.srt in 55.0s (already aligned (offset +0.000s, below the 0.1s threshold); original untouched)
2026-09-03 01:48:25 [INFO] [241/382] syncing Sinister (2012).eng.srt against Sinister (2012).mkv
2026-09-03 01:49:16 [INFO] ffsubsync measured: offset +0.000s, framerate x1.000, score 286515.0
2026-09-03 01:49:16 [INFO] [241/382] IN_SYNC  Sinister (2012).eng.srt in 51.3s (already aligned (offset +0.000s, below the 0.1s threshold); original untouched)
2026-09-03 01:49:16 [INFO] [242/382] syncing Sinners (2025).eng.srt against Sinners (2025).mkv
2026-09-03 01:50:31 [INFO] ffsubsync measured: offset +0.000s, framerate x1.000, score 301531.0
2026-09-03 01:50:31 [INFO] [242/382] IN_SYNC  Sinners (2025).eng.srt in 74.6s (already aligned (offset +0.000s, below the 0.1s threshold); original untouched)
2026-09-03 01:50:31 [INFO] [243/382] syncing Skyfall (2012).eng.srt against Skyfall (2012).mkv
2026-09-03 01:51:38 [INFO] ffsubsync measured: offset +0.000s, framerate x1.000, score 424571.0
2026-09-03 01:51:38 [INFO] [243/382] IN_SYNC  Skyfall (2012).eng.srt in 66.9s (already aligned (offset +0.000s, below the 0.1s threshold); original untouched)
2026-09-03 01:51:38 [INFO] [244/382] syncing Slumdog Millionaire (2008).eng.srt against Slumdog Millionaire (2008).mkv
2026-09-03 01:52:51 [INFO] ffsubsync measured: offset +30.870s, framerate x1.043, score 98676.6
2026-09-03 01:52:54 [INFO] fetched replacement subtitle id=5265470 (Slumdog Millionaire 2008 (1080p x265 10bit Tigole)); retrying ffsubsync
2026-09-03 01:53:10 [INFO] ffsubsync measured: offset +55.020s, framerate x1.000, score 182624.0
2026-09-03 01:53:14 [INFO] fetched replacement subtitle id=4289450 (Slumdog.Millionaire.2008.1080p.BluRay.x264.YIFY-eng); retrying ffsubsync
2026-09-03 01:53:30 [INFO] ffsubsync measured: offset +30.870s, framerate x1.043, score 98676.6
2026-09-03 01:53:33 [INFO] fetched replacement subtitle id=11457674 (Slumdog.Millionaire.2008.1080p.BluRay.x265-YAWNTiC_eng); retrying ffsubsync
2026-09-03 01:53:49 [INFO] ffsubsync measured: offset +29.920s, framerate x1.000, score 185276.0
2026-09-03 01:53:49 [INFO] [244/382] SYNCED   Slumdog Millionaire (2008).eng.srt in 131.0s (offset +29.920s, framerate x1.000)
2026-09-03 01:53:49 [INFO] [245/382] syncing Snatch (2000).eng.srt against Snatch (2000).mkv
2026-09-03 01:54:56 [INFO] ffsubsync measured: offset +0.000s, framerate x1.000, score 155964.0
2026-09-03 01:54:56 [INFO] [245/382] IN_SYNC  Snatch (2000).eng.srt in 66.6s (already aligned (offset +0.000s, below the 0.1s threshold); original untouched)
2026-09-03 01:54:56 [INFO] [246/382] syncing Snowden (2016).eng.srt against Snowden (2016).mkv
2026-09-03 01:56:01 [INFO] ffsubsync measured: offset +0.000s, framerate x1.000, score 65972.0
2026-09-03 01:56:01 [INFO] [246/382] IN_SYNC  Snowden (2016).eng.srt in 65.7s (already aligned (offset +0.000s, below the 0.1s threshold); original untouched)
2026-09-03 01:56:01 [INFO] [247/382] syncing Source Code (2011).eng.srt against Source Code (2011).mkv
2026-09-03 01:56:43 [INFO] ffsubsync measured: offset +0.000s, framerate x1.000, score 119579.0
2026-09-03 01:56:43 [INFO] [247/382] IN_SYNC  Source Code (2011).eng.srt in 41.8s (already aligned (offset +0.000s, below the 0.1s threshold); original untouched)
2026-09-03 01:56:43 [INFO] [248/382] syncing Spaceballs (1987).eng.srt against Spaceballs (1987).mkv
2026-09-03 01:57:34 [INFO] ffsubsync measured: offset -0.090s, framerate x1.000, score 125673.0
2026-09-03 01:57:34 [INFO] [248/382] IN_SYNC  Spaceballs (1987).eng.srt in 50.9s (already aligned (offset -0.090s, below the 0.1s threshold); original untouched)
2026-09-03 01:57:34 [INFO] [249/382] syncing Spider-Man (2002).eng.srt against Spider-Man (2002).mkv
2026-09-03 01:59:00 [INFO] ffsubsync measured: offset +0.000s, framerate x1.000, score 175898.0
2026-09-03 01:59:00 [INFO] [249/382] IN_SYNC  Spider-Man (2002).eng.srt in 86.1s (already aligned (offset +0.000s, below the 0.1s threshold); original untouched)
2026-09-03 01:59:00 [INFO] [250/382] syncing Spider-Man - Across the Spider-Verse (2023).eng.srt against Spider-Man - Across the Spider-Verse (2023).mkv
2026-09-03 02:00:35 [INFO] ffsubsync measured: offset +0.020s, framerate x1.000, score 65790.0
2026-09-03 02:00:35 [INFO] [250/382] IN_SYNC  Spider-Man - Across the Spider-Verse (2023).eng.srt in 95.0s (already aligned (offset +0.020s, below the 0.1s threshold); original untouched)
2026-09-03 02:00:35 [INFO] [251/382] syncing Spider-Man - Homecoming (2017).eng.srt against Spider-Man - Homecoming (2017).mkv
2026-09-03 02:01:40 [INFO] ffsubsync measured: offset +0.000s, framerate x1.000, score 181093.0
2026-09-03 02:01:40 [INFO] [251/382] IN_SYNC  Spider-Man - Homecoming (2017).eng.srt in 64.8s (already aligned (offset +0.000s, below the 0.1s threshold); original untouched)
2026-09-03 02:01:40 [INFO] [252/382] syncing Spider-Man - Into the Spider-Verse (2018).eng.srt against Spider-Man - Into the Spider-Verse (2018).mkv
2026-09-03 02:02:57 [INFO] ffsubsync measured: offset +0.000s, framerate x1.000, score 53706.0
2026-09-03 02:02:57 [INFO] [252/382] IN_SYNC  Spider-Man - Into the Spider-Verse (2018).eng.srt in 77.7s (already aligned (offset +0.000s, below the 0.1s threshold); original untouched)
2026-09-03 02:02:57 [INFO] [253/382] syncing Spider-Man 2 (2004).eng.srt against Spider-Man 2 (2004).mkv
2026-09-03 02:04:12 [INFO] ffsubsync measured: offset +56.660s, framerate x1.043, score 193705.1
2026-09-03 02:04:15 [INFO] fetched replacement subtitle id=8645728 (Spider-Man.2.2004.1080p.BluRay.DDP5.1.x265.10bit-GalaxyRG265); retrying ffsubsync
2026-09-03 02:04:32 [INFO] ffsubsync measured: offset -0.320s, framerate x1.000, score 325940.0
2026-09-03 02:04:32 [INFO] [253/382] SYNCED   Spider-Man 2 (2004).eng.srt in 95.1s (offset -0.320s, framerate x1.000)
2026-09-03 02:04:32 [INFO] [254/382] syncing Spider-Man No Way Home (2021).eng.srt against Spider-Man No Way Home (2021).mkv
2026-09-03 02:05:21 [INFO] ffsubsync measured: offset -0.090s, framerate x1.000, score 208231.0
2026-09-03 02:05:21 [INFO] [254/382] IN_SYNC  Spider-Man No Way Home (2021).eng.srt in 48.2s (already aligned (offset -0.090s, below the 0.1s threshold); original untouched)
2026-09-03 02:05:21 [INFO] [255/382] syncing Spirited Away (2001).eng.srt against Spirited Away (2001).mkv
2026-09-03 02:06:30 [INFO] ffsubsync measured: offset +0.000s, framerate x1.000, score 275898.0
2026-09-03 02:06:30 [INFO] [255/382] IN_SYNC  Spirited Away (2001).eng.srt in 69.0s (already aligned (offset +0.000s, below the 0.1s threshold); original untouched)
2026-09-03 02:06:30 [INFO] [256/382] syncing Split (2016).eng.srt against Split (2016).mkv
2026-09-03 02:06:58 [INFO] ffsubsync measured: offset +0.000s, framerate x1.000, score 265995.0
2026-09-03 02:06:58 [INFO] [256/382] IN_SYNC  Split (2016).eng.srt in 28.7s (already aligned (offset +0.000s, below the 0.1s threshold); original untouched)
2026-09-03 02:06:58 [INFO] [257/382] syncing Stalker (1979).eng.srt against Stalker (1979).mkv
2026-09-03 02:08:10 [INFO] ffsubsync measured: offset +0.000s, framerate x1.000, score 517905.0
2026-09-03 02:08:10 [INFO] [257/382] IN_SYNC  Stalker (1979).eng.srt in 71.8s (already aligned (offset +0.000s, below the 0.1s threshold); original untouched)
2026-09-03 02:08:10 [INFO] [258/382] syncing Stand by Me (1986).eng.srt against Stand by Me (1986).mkv
2026-09-03 02:08:59 [INFO] ffsubsync measured: offset -0.030s, framerate x1.000, score 148084.0
2026-09-03 02:08:59 [INFO] [258/382] IN_SYNC  Stand by Me (1986).eng.srt in 48.6s (already aligned (offset -0.030s, below the 0.1s threshold); original untouched)
2026-09-03 02:08:59 [INFO] [259/382] syncing Star Trek (2009).eng.srt against Star Trek (2009).mkv
2026-09-03 02:09:55 [INFO] ffsubsync measured: offset +0.000s, framerate x1.000, score 145140.0
2026-09-03 02:09:55 [INFO] [259/382] IN_SYNC  Star Trek (2009).eng.srt in 56.0s (already aligned (offset +0.000s, below the 0.1s threshold); original untouched)
2026-09-03 02:09:55 [INFO] [260/382] syncing Star Trek - Into Darkness (2013).eng.srt against Star Trek - Into Darkness (2013).mkv
2026-09-03 02:11:01 [INFO] ffsubsync measured: offset +0.000s, framerate x1.000, score 174557.0
2026-09-03 02:11:01 [INFO] [260/382] IN_SYNC  Star Trek - Into Darkness (2013).eng.srt in 66.1s (already aligned (offset +0.000s, below the 0.1s threshold); original untouched)
2026-09-03 02:11:01 [INFO] [261/382] syncing Star Wars - Episode I - The Phantom Menace (1999).eng.srt against Star Wars - Episode I - The Phantom Menace (1999).mkv
2026-09-03 02:12:15 [INFO] ffsubsync measured: offset +53.270s, framerate x1.043, score 278439.4
2026-09-03 02:12:19 [INFO] fetched replacement subtitle id=263652 (Star Wars Episode I - The Phantom Menace 1999 1080p Bluray DTS-HD 6.1 X264 BluEvo); retrying ffsubsync
2026-09-03 02:12:39 [INFO] ffsubsync measured: offset +53.270s, framerate x1.043, score 278439.4
2026-09-03 02:12:42 [INFO] fetched replacement subtitle id=264205 (Star.Wars.Episode.I.The.Phantom.Menace.1999.Blu-ray.Remux.1080p.AVC.DTS-HD.MA.6.1-HDRemuX); retrying ffsubsync
2026-09-03 02:13:02 [INFO] ffsubsync measured: offset -5.480s, framerate x1.043, score 89984.9
2026-09-03 02:13:02 [INFO] [261/382] SYNCED   Star Wars - Episode I - The Phantom Menace (1999).eng.srt in 121.4s (offset -5.480s, framerate x1.043)
2026-09-03 02:13:02 [INFO] [262/382] syncing Star Wars - Episode II - Attack of the Clones (2002).eng.srt against Star Wars - Episode II - Attack of the Clones (2002).mkv
2026-09-03 02:13:54 [INFO] ffsubsync measured: offset +0.000s, framerate x1.000, score 205152.0
2026-09-03 02:13:54 [INFO] [262/382] IN_SYNC  Star Wars - Episode II - Attack of the Clones (2002).eng.srt in 51.8s (already aligned (offset +0.000s, below the 0.1s threshold); original untouched)
2026-09-03 02:13:54 [INFO] [263/382] syncing Star Wars - Episode III - Revenge of the Sith (2005).eng.srt against Star Wars - Episode III - Revenge of the Sith (2005).mkv
2026-09-03 02:15:12 [INFO] ffsubsync measured: offset -8.370s, framerate x1.043, score 200715.3
2026-09-03 02:15:12 [INFO] [263/382] SYNCED   Star Wars - Episode III - Revenge of the Sith (2005).eng.srt in 77.8s (offset -8.370s, framerate x1.043)
2026-09-03 02:15:12 [INFO] [264/382] syncing Star Wars - Episode IV - A New Hope (1977).eng.srt against Star Wars - Episode IV - A New Hope (1977).mkv
2026-09-03 02:16:22 [INFO] ffsubsync measured: offset -0.010s, framerate x1.000, score 131458.0
2026-09-03 02:16:22 [INFO] [264/382] IN_SYNC  Star Wars - Episode IV - A New Hope (1977).eng.srt in 70.3s (already aligned (offset -0.010s, below the 0.1s threshold); original untouched)
2026-09-03 02:16:22 [INFO] [265/382] syncing Star Wars - Episode V - The Empire Strikes Back (1980).eng.srt against Star Wars - Episode V - The Empire Strikes Back (1980).mkv
2026-09-03 02:17:22 [INFO] ffsubsync measured: offset +0.000s, framerate x1.000, score 208711.0
2026-09-03 02:17:22 [INFO] [265/382] IN_SYNC  Star Wars - Episode V - The Empire Strikes Back (1980).eng.srt in 59.8s (already aligned (offset +0.000s, below the 0.1s threshold); original untouched)
2026-09-03 02:17:22 [INFO] [266/382] syncing Star Wars - Episode VI - Return of the Jedi (1983).eng.srt against Star Wars - Episode VI - Return of the Jedi (1983).mkv
2026-09-03 02:18:40 [INFO] ffsubsync measured: offset +10.910s, framerate x1.043, score 246765.2
2026-09-03 02:18:40 [INFO] [266/382] SYNCED   Star Wars - Episode VI - Return of the Jedi (1983).eng.srt in 78.6s (offset +10.910s, framerate x1.043)
2026-09-03 02:18:40 [INFO] [267/382] syncing Straight Outta Compton (2015).eng.srt against Straight Outta Compton (2015).mkv
2026-09-03 02:19:30 [INFO] ffsubsync measured: offset +0.000s, framerate x1.000, score 67927.0
2026-09-03 02:19:30 [INFO] [267/382] IN_SYNC  Straight Outta Compton (2015).eng.srt in 49.4s (already aligned (offset +0.000s, below the 0.1s threshold); original untouched)
2026-09-03 02:19:30 [INFO] [268/382] syncing Super 8 (2011).eng.srt against Super 8 (2011).mkv
2026-09-03 02:20:29 [INFO] ffsubsync measured: offset +0.010s, framerate x1.000, score 108328.0
2026-09-03 02:20:29 [INFO] [268/382] IN_SYNC  Super 8 (2011).eng.srt in 59.5s (already aligned (offset +0.010s, below the 0.1s threshold); original untouched)
2026-09-03 02:20:29 [INFO] [269/382] syncing Superbad (2007).eng.srt against Superbad (2007).mkv
2026-09-03 02:20:59 [INFO] ffsubsync measured: offset +0.160s, framerate x1.001, score 3473.7
2026-09-03 02:20:59 [INFO] [269/382] SYNCED   Superbad (2007).eng.srt in 29.4s (offset +0.160s, framerate x1.001)
2026-09-03 02:20:59 [INFO] [270/382] syncing Surf's Up (2007).eng.srt against Surf's Up (2007).mkv
2026-09-03 02:21:38 [INFO] ffsubsync measured: offset -0.010s, framerate x1.000, score 82367.0
2026-09-03 02:21:38 [INFO] [270/382] IN_SYNC  Surf's Up (2007).eng.srt in 39.4s (already aligned (offset -0.010s, below the 0.1s threshold); original untouched)
2026-09-03 02:21:38 [INFO] [271/382] syncing Taken (2008).eng.srt against Taken (2008).mkv
2026-09-03 02:22:23 [INFO] ffsubsync measured: offset +0.010s, framerate x1.000, score 171488.0
2026-09-03 02:22:23 [INFO] [271/382] IN_SYNC  Taken (2008).eng.srt in 44.8s (already aligned (offset +0.010s, below the 0.1s threshold); original untouched)
2026-09-03 02:22:23 [INFO] [272/382] syncing Tangled (2010).eng.srt against Tangled (2010).mkv
2026-09-03 02:23:09 [INFO] ffsubsync measured: offset +0.000s, framerate x1.000, score 79341.0
2026-09-03 02:23:09 [INFO] [272/382] IN_SYNC  Tangled (2010).eng.srt in 45.7s (already aligned (offset +0.000s, below the 0.1s threshold); original untouched)
2026-09-03 02:23:09 [INFO] [273/382] syncing Taxi Driver (1976).eng.srt against Taxi Driver (1976).mkv
2026-09-03 02:24:08 [INFO] ffsubsync measured: offset +0.000s, framerate x1.000, score 169361.0
2026-09-03 02:24:08 [INFO] [273/382] IN_SYNC  Taxi Driver (1976).eng.srt in 59.3s (already aligned (offset +0.000s, below the 0.1s threshold); original untouched)
2026-09-03 02:24:08 [INFO] [274/382] syncing Ted (2012).eng.srt against Ted (2012).mkv
2026-09-03 02:24:40 [INFO] ffsubsync measured: offset +14.400s, framerate x1.043, score 54854.0
2026-09-03 02:24:40 [INFO] [274/382] SYNCED   Ted (2012).eng.srt in 32.2s (offset +14.400s, framerate x1.043)
2026-09-03 02:24:40 [INFO] [275/382] syncing Tenet (2020).eng.srt against Tenet (2020).mkv
2026-09-03 02:26:18 [INFO] ffsubsync measured: offset +26.620s, framerate x1.043, score 98194.7
2026-09-03 02:26:18 [INFO] [275/382] SYNCED   Tenet (2020).eng.srt in 98.3s (offset +26.620s, framerate x1.043)
2026-09-03 02:26:18 [INFO] [276/382] syncing Terminator 2 - Judgment Day (1991).eng.srt against Terminator 2 - Judgment Day (1991).mkv
2026-09-03 02:27:12 [INFO] ffsubsync measured: offset -34.960s, framerate x0.959, score 298317.0
2026-09-03 02:27:15 [INFO] fetched replacement subtitle id=262218 (Terminator.2.Judgment.Day.1991.DC.1080p.BluRay.x264.DTS-FGT); retrying ffsubsync
2026-09-03 02:27:33 [INFO] ffsubsync measured: offset -34.960s, framerate x0.959, score 298317.0
2026-09-03 02:27:37 [INFO] fetched replacement subtitle id=253306 (Terminator.2.Judgment.Day.Skynet.Edition.1991.1080p.BluRay.DTS.x264-HDC); retrying ffsubsync
2026-09-03 02:27:55 [INFO] ffsubsync measured: offset +24.540s, framerate x0.960, score 300949.0
2026-09-03 02:27:55 [INFO] [276/382] SYNCED   Terminator 2 - Judgment Day (1991).eng.srt in 96.5s (offset +24.540s, framerate x0.960)
2026-09-03 02:27:55 [INFO] [277/382] syncing Tetris (2023).eng.srt against Tetris (2023).mkv
2026-09-03 02:28:27 [INFO] ffsubsync measured: offset +0.020s, framerate x1.000, score 185803.0
2026-09-03 02:28:27 [INFO] [277/382] IN_SYNC  Tetris (2023).eng.srt in 32.3s (already aligned (offset +0.020s, below the 0.1s threshold); original untouched)
2026-09-03 02:28:27 [INFO] [278/382] syncing The Accountant (2016).eng.srt against The Accountant (2016).mkv
2026-09-03 02:29:40 [INFO] ffsubsync measured: offset +0.070s, framerate x1.000, score 159866.0
2026-09-03 02:29:40 [INFO] [278/382] IN_SYNC  The Accountant (2016).eng.srt in 73.0s (already aligned (offset +0.070s, below the 0.1s threshold); original untouched)
2026-09-03 02:29:40 [INFO] [279/382] syncing The Amazing Spider-Man (2012).eng.srt against The Amazing Spider-Man (2012).mkv
2026-09-03 02:30:23 [INFO] ffsubsync measured: offset +0.000s, framerate x1.000, score 315123.0
2026-09-03 02:30:23 [INFO] [279/382] IN_SYNC  The Amazing Spider-Man (2012).eng.srt in 43.1s (already aligned (offset +0.000s, below the 0.1s threshold); original untouched)
2026-09-03 02:30:23 [INFO] [280/382] syncing The Avengers (2012).eng.srt against The Avengers (2012).mkv
2026-09-03 02:31:10 [INFO] ffsubsync measured: offset -0.010s, framerate x1.000, score 204933.0
2026-09-03 02:31:10 [INFO] [280/382] IN_SYNC  The Avengers (2012).eng.srt in 46.2s (already aligned (offset -0.010s, below the 0.1s threshold); original untouched)
2026-09-03 02:31:10 [INFO] [281/382] syncing The Batman (2022).eng.srt against The Batman (2022).mkv
2026-09-03 02:32:51 [INFO] ffsubsync measured: offset +0.000s, framerate x1.000, score 293815.0
2026-09-03 02:32:51 [INFO] [281/382] IN_SYNC  The Batman (2022).eng.srt in 101.5s (already aligned (offset +0.000s, below the 0.1s threshold); original untouched)
2026-09-03 02:32:51 [INFO] [282/382] syncing The Big Lebowski (1998).eng.srt against The Big Lebowski (1998).mkv
2026-09-03 02:33:37 [INFO] ffsubsync measured: offset +24.210s, framerate x1.000, score -36761.0
2026-09-03 02:33:41 [INFO] fetched replacement subtitle id=176507 (The.Big.Lebowski.1998.1080p.BrRip.x264); retrying ffsubsync
2026-09-03 02:33:57 [INFO] ffsubsync measured: offset +0.040s, framerate x1.000, score 81935.0
2026-09-03 02:33:57 [INFO] [282/382] IN_SYNC  The Big Lebowski (1998).eng.srt in 65.9s (already aligned (offset +0.040s, below the 0.1s threshold); original untouched)
2026-09-03 02:33:57 [INFO] [283/382] syncing The Big Short (2015).eng.srt against The Big Short (2015).mkv
2026-09-03 02:35:25 [INFO] ffsubsync measured: offset -0.050s, framerate x1.000, score -19117.0
2026-09-03 02:35:29 [INFO] fetched replacement subtitle id=3947244 (The.Big.Short.2015.1080p.WEB-DL.DD5.1); retrying ffsubsync
2026-09-03 02:36:58 [INFO] ffsubsync measured: offset +0.080s, framerate x1.000, score -61050.0
2026-09-03 02:37:01 [INFO] fetched replacement subtitle id=3947205 (The.Big.Short.2015.1080p.WEB-DL.DD5.1); retrying ffsubsync
2026-09-03 02:38:30 [INFO] ffsubsync measured: offset +0.080s, framerate x1.000, score -65482.0
2026-09-03 02:38:33 [INFO] fetched replacement subtitle id=3949963 (The.Big.Short.2015.720p.BluRay.x264-Replica); retrying ffsubsync
2026-09-03 02:40:01 [INFO] ffsubsync measured: offset -0.050s, framerate x1.000, score -19117.0
2026-09-03 02:40:05 [INFO] fetched replacement subtitle id=11486810 (The.Big.Short.2015.720p.BluRay.x264-[YTS.AG]bubulac); retrying ffsubsync
2026-09-03 02:41:33 [INFO] ffsubsync measured: offset -0.660s, framerate x1.000, score -141731.0
2026-09-03 02:41:36 [INFO] fetched replacement subtitle id=3949824 (The-Big-Short-2015-BDRip-x264-DiAMOND); retrying ffsubsync
2026-09-03 02:43:05 [INFO] ffsubsync measured: offset -0.050s, framerate x1.000, score -22187.0
2026-09-03 02:43:05 [INFO] [283/382] REVIEW   The Big Short (2015).eng.srt in 548.0s (ffsubsync's quality gate rejected the alignment; original kept for review)
2026-09-03 02:43:05 [INFO] [284/382] syncing The Book of Eli (2010).eng.srt against The Book of Eli (2010).mkv
2026-09-03 02:44:03 [INFO] ffsubsync measured: offset +0.000s, framerate x1.000, score 231672.0
2026-09-03 02:44:03 [INFO] [284/382] IN_SYNC  The Book of Eli (2010).eng.srt in 57.6s (already aligned (offset +0.000s, below the 0.1s threshold); original untouched)
2026-09-03 02:44:03 [INFO] [285/382] syncing The Bourne Identity (2002).eng.srt against The Bourne Identity (2002).mkv
2026-09-03 02:44:47 [INFO] ffsubsync measured: offset +0.000s, framerate x1.000, score 265613.0
2026-09-03 02:44:47 [INFO] [285/382] IN_SYNC  The Bourne Identity (2002).eng.srt in 44.2s (already aligned (offset +0.000s, below the 0.1s threshold); original untouched)
2026-09-03 02:44:47 [INFO] [286/382] syncing The Bourne Supremacy (2004).eng.srt against The Bourne Supremacy (2004).mkv
2026-09-03 02:45:25 [INFO] ffsubsync measured: offset +0.000s, framerate x1.000, score 275150.0
2026-09-03 02:45:25 [INFO] [286/382] IN_SYNC  The Bourne Supremacy (2004).eng.srt in 38.4s (already aligned (offset +0.000s, below the 0.1s threshold); original untouched)
2026-09-03 02:45:25 [INFO] [287/382] syncing The Bourne Ultimatum (2007).eng.srt against The Bourne Ultimatum (2007).mkv
2026-09-03 02:46:13 [INFO] ffsubsync measured: offset +0.000s, framerate x1.000, score 237099.0
2026-09-03 02:46:13 [INFO] [287/382] IN_SYNC  The Bourne Ultimatum (2007).eng.srt in 48.2s (already aligned (offset +0.000s, below the 0.1s threshold); original untouched)
2026-09-03 02:46:13 [INFO] [288/382] syncing The Boy in the Striped Pyjamas (2008).eng.srt against The Boy in the Striped Pyjamas (2008).mkv
2026-09-03 02:47:06 [INFO] ffsubsync measured: offset +0.000s, framerate x1.000, score 244321.0
2026-09-03 02:47:06 [INFO] [288/382] IN_SYNC  The Boy in the Striped Pyjamas (2008).eng.srt in 52.4s (already aligned (offset +0.000s, below the 0.1s threshold); original untouched)
2026-09-03 02:47:06 [INFO] [289/382] syncing The Breakfast Club (1985).eng.srt against The Breakfast Club (1985).mkv
2026-09-03 02:47:52 [INFO] ffsubsync measured: offset -0.070s, framerate x1.000, score 150163.0
2026-09-03 02:47:52 [INFO] [289/382] IN_SYNC  The Breakfast Club (1985).eng.srt in 46.1s (already aligned (offset -0.070s, below the 0.1s threshold); original untouched)
2026-09-03 02:47:52 [INFO] [290/382] syncing The Curious Case of Benjamin Button (2008).eng.srt against The Curious Case of Benjamin Button (2008).mkv
2026-09-03 02:49:10 [INFO] ffsubsync measured: offset +0.000s, framerate x1.000, score 121063.0
2026-09-03 02:49:10 [INFO] [290/382] IN_SYNC  The Curious Case of Benjamin Button (2008).eng.srt in 77.7s (already aligned (offset +0.000s, below the 0.1s threshold); original untouched)
2026-09-03 02:49:10 [INFO] [291/382] syncing The Dark Knight (2008).eng.srt against The Dark Knight (2008).mkv
2026-09-03 02:50:30 [INFO] ffsubsync measured: offset +0.000s, framerate x1.000, score 56880.0
2026-09-03 02:50:30 [INFO] [291/382] IN_SYNC  The Dark Knight (2008).eng.srt in 80.0s (already aligned (offset +0.000s, below the 0.1s threshold); original untouched)
2026-09-03 02:50:30 [INFO] [292/382] syncing The Dark Knight Rises (2012).eng.srt against The Dark Knight Rises (2012).mkv
2026-09-03 02:51:36 [INFO] ffsubsync measured: offset -0.080s, framerate x1.000, score 115344.0
2026-09-03 02:51:36 [INFO] [292/382] IN_SYNC  The Dark Knight Rises (2012).eng.srt in 66.2s (already aligned (offset -0.080s, below the 0.1s threshold); original untouched)
2026-09-03 02:51:36 [INFO] [293/382] syncing The Day After (1983).eng.srt against The Day After (1983).mkv
2026-09-03 02:52:07 [INFO] ffsubsync measured: offset +0.720s, framerate x1.000, score 353566.0
2026-09-03 02:52:07 [INFO] [293/382] SYNCED   The Day After (1983).eng.srt in 31.7s (offset +0.720s, framerate x1.000)
2026-09-03 02:52:07 [INFO] [294/382] syncing The Departed (2006).eng.srt against The Departed (2006).mkv
2026-09-03 02:53:34 [INFO] ffsubsync measured: offset +0.000s, framerate x1.000, score 171627.0
2026-09-03 02:53:34 [INFO] [294/382] IN_SYNC  The Departed (2006).eng.srt in 86.6s (already aligned (offset +0.000s, below the 0.1s threshold); original untouched)
2026-09-03 02:53:34 [INFO] [295/382] syncing The Edge of Seventeen (2016).eng.srt against The Edge of Seventeen (2016).mkv
2026-09-03 02:54:46 [INFO] ffsubsync measured: offset +0.040s, framerate x1.000, score 207809.0
2026-09-03 02:54:46 [INFO] [295/382] IN_SYNC  The Edge of Seventeen (2016).eng.srt in 72.4s (already aligned (offset +0.040s, below the 0.1s threshold); original untouched)
2026-09-03 02:54:46 [INFO] [296/382] syncing The Emperor's New Groove (2000).eng.srt against The Emperor's New Groove (2000).mkv
2026-09-03 02:55:06 [INFO] ffsubsync measured: offset +0.030s, framerate x1.000, score 79466.0
2026-09-03 02:55:06 [INFO] [296/382] IN_SYNC  The Emperor's New Groove (2000).eng.srt in 19.4s (already aligned (offset +0.030s, below the 0.1s threshold); original untouched)
2026-09-03 02:55:06 [INFO] [297/382] syncing The Fast and the Furious (2001).eng.srt against The Fast and the Furious (2001).mkv
2026-09-03 02:56:29 [INFO] ffsubsync measured: offset +0.070s, framerate x1.000, score 187454.0
2026-09-03 02:56:29 [INFO] [297/382] IN_SYNC  The Fast and the Furious (2001).eng.srt in 83.0s (already aligned (offset +0.070s, below the 0.1s threshold); original untouched)
2026-09-03 02:56:29 [INFO] [298/382] syncing The Founder (2016).eng.srt against The Founder (2016).mkv
2026-09-03 02:57:29 [INFO] ffsubsync measured: offset +0.010s, framerate x1.000, score 101904.0
2026-09-03 02:57:29 [INFO] [298/382] IN_SYNC  The Founder (2016).eng.srt in 60.2s (already aligned (offset +0.010s, below the 0.1s threshold); original untouched)
2026-09-03 02:57:29 [INFO] [299/382] syncing The Godfather (1972).eng.srt against The Godfather (1972).mkv
2026-09-03 02:59:19 [INFO] ffsubsync measured: offset +0.000s, framerate x1.000, score 343912.0
2026-09-03 02:59:19 [INFO] [299/382] IN_SYNC  The Godfather (1972).eng.srt in 109.5s (already aligned (offset +0.000s, below the 0.1s threshold); original untouched)
2026-09-03 02:59:19 [INFO] [300/382] syncing The Godfather - Part II (1974).eng.srt against The Godfather - Part II (1974).mkv
2026-09-03 03:01:49 [INFO] ffsubsync measured: offset +0.000s, framerate x1.000, score 350257.0
2026-09-03 03:01:49 [INFO] [300/382] IN_SYNC  The Godfather - Part II (1974).eng.srt in 150.2s (already aligned (offset +0.000s, below the 0.1s threshold); original untouched)
2026-09-03 03:01:49 [INFO] [301/382] syncing The Goonies (1985).eng.srt against The Goonies (1985).mkv
2026-09-03 03:02:54 [INFO] ffsubsync measured: offset -0.010s, framerate x1.000, score 85936.0
2026-09-03 03:02:54 [INFO] [301/382] IN_SYNC  The Goonies (1985).eng.srt in 65.3s (already aligned (offset -0.010s, below the 0.1s threshold); original untouched)
2026-09-03 03:02:54 [INFO] [302/382] syncing The Green Mile (1999).eng.srt against The Green Mile (1999).mkv
2026-09-03 03:04:41 [INFO] ffsubsync measured: offset +0.000s, framerate x1.000, score 405980.0
2026-09-03 03:04:41 [INFO] [302/382] IN_SYNC  The Green Mile (1999).eng.srt in 107.2s (already aligned (offset +0.000s, below the 0.1s threshold); original untouched)
2026-09-03 03:04:41 [INFO] [303/382] syncing The Hangover (2009).eng.srt against The Hangover (2009).mkv
2026-09-03 03:05:47 [INFO] ffsubsync measured: offset +0.000s, framerate x1.000, score 29453.0
2026-09-03 03:05:47 [INFO] [303/382] IN_SYNC  The Hangover (2009).eng.srt in 65.4s (already aligned (offset +0.000s, below the 0.1s threshold); original untouched)
2026-09-03 03:05:47 [INFO] [304/382] syncing The Help (2011).eng.srt against The Help (2011).mkv
2026-09-03 03:06:48 [INFO] ffsubsync measured: offset +0.000s, framerate x1.000, score 254341.0
2026-09-03 03:06:48 [INFO] [304/382] IN_SYNC  The Help (2011).eng.srt in 61.2s (already aligned (offset +0.000s, below the 0.1s threshold); original untouched)
2026-09-03 03:06:48 [INFO] [305/382] syncing The Hunger Games (2012).eng.srt against The Hunger Games (2012).mkv
2026-09-03 03:08:10 [INFO] ffsubsync measured: offset +0.000s, framerate x1.000, score 356098.0
2026-09-03 03:08:10 [INFO] [305/382] IN_SYNC  The Hunger Games (2012).eng.srt in 81.5s (already aligned (offset +0.000s, below the 0.1s threshold); original untouched)
2026-09-03 03:08:10 [INFO] [306/382] syncing The Hunger Games - Mockingjay - Part 1 (2014).eng.srt against The Hunger Games - Mockingjay - Part 1 (2014).mkv
2026-09-03 03:08:45 [INFO] ffsubsync measured: offset +0.000s, framerate x1.000, score 172720.0
2026-09-03 03:08:45 [INFO] [306/382] IN_SYNC  The Hunger Games - Mockingjay - Part 1 (2014).eng.srt in 35.8s (already aligned (offset +0.000s, below the 0.1s threshold); original untouched)
2026-09-03 03:08:45 [INFO] [307/382] syncing The Hunger Games - Mockingjay - Part 2 (2015).eng.srt against The Hunger Games - Mockingjay - Part 2 (2015).mkv
2026-09-03 03:09:40 [INFO] ffsubsync measured: offset -0.080s, framerate x1.000, score 279214.0
2026-09-03 03:09:40 [INFO] [307/382] IN_SYNC  The Hunger Games - Mockingjay - Part 2 (2015).eng.srt in 54.7s (already aligned (offset -0.080s, below the 0.1s threshold); original untouched)
2026-09-03 03:09:40 [INFO] [308/382] syncing The Hunger Games Catching Fire (2013).eng.srt against The Hunger Games Catching Fire (2013).mkv
2026-09-03 03:11:00 [INFO] ffsubsync measured: offset +0.000s, framerate x1.000, score 304844.0
2026-09-03 03:11:00 [INFO] [308/382] IN_SYNC  The Hunger Games Catching Fire (2013).eng.srt in 79.6s (already aligned (offset +0.000s, below the 0.1s threshold); original untouched)
2026-09-03 03:11:00 [INFO] [309/382] syncing The Hurt Locker (2008).eng.srt against The Hurt Locker (2008).mkv
2026-09-03 03:11:58 [INFO] ffsubsync measured: offset +0.000s, framerate x1.000, score 376336.0
2026-09-03 03:11:58 [INFO] [309/382] IN_SYNC  The Hurt Locker (2008).eng.srt in 58.0s (already aligned (offset +0.000s, below the 0.1s threshold); original untouched)
2026-09-03 03:11:58 [INFO] [310/382] syncing The Imitation Game (2014).eng.srt against The Imitation Game (2014).mkv
2026-09-03 03:12:47 [INFO] ffsubsync measured: offset +0.000s, framerate x1.000, score 222615.0
2026-09-03 03:12:47 [INFO] [310/382] IN_SYNC  The Imitation Game (2014).eng.srt in 49.1s (already aligned (offset +0.000s, below the 0.1s threshold); original untouched)
2026-09-03 03:12:47 [INFO] [311/382] syncing The Incredibles (2004).eng.srt against The Incredibles (2004).mkv
2026-09-03 03:13:51 [INFO] ffsubsync measured: offset -0.020s, framerate x1.000, score 135722.0
2026-09-03 03:13:51 [INFO] [311/382] IN_SYNC  The Incredibles (2004).eng.srt in 64.5s (already aligned (offset -0.020s, below the 0.1s threshold); original untouched)
2026-09-03 03:13:51 [INFO] [312/382] syncing The Interview (2014).eng.srt against The Interview (2014).mkv
2026-09-03 03:14:34 [INFO] ffsubsync measured: offset +0.000s, framerate x1.000, score 35596.0
2026-09-03 03:14:34 [INFO] [312/382] IN_SYNC  The Interview (2014).eng.srt in 43.3s (already aligned (offset +0.000s, below the 0.1s threshold); original untouched)
2026-09-03 03:14:34 [INFO] [313/382] syncing The Invisible Man (2020).eng.srt against The Invisible Man (2020).mkv
2026-09-03 03:15:18 [INFO] ffsubsync measured: offset -0.010s, framerate x1.000, score 293338.0
2026-09-03 03:15:18 [INFO] [313/382] IN_SYNC  The Invisible Man (2020).eng.srt in 43.0s (already aligned (offset -0.010s, below the 0.1s threshold); original untouched)
2026-09-03 03:15:18 [INFO] [314/382] syncing The Karate Kid (1984).eng.srt against The Karate Kid (1984).mkv
2026-09-03 03:16:20 [INFO] ffsubsync measured: offset +0.000s, framerate x1.000, score 201509.0
2026-09-03 03:16:20 [INFO] [314/382] IN_SYNC  The Karate Kid (1984).eng.srt in 62.8s (already aligned (offset +0.000s, below the 0.1s threshold); original untouched)
2026-09-03 03:16:20 [INFO] [315/382] syncing The Longest Yard (2005).eng.srt against The Longest Yard (2005).mkv
2026-09-03 03:17:13 [INFO] ffsubsync measured: offset +0.000s, framerate x1.000, score 61652.0
2026-09-03 03:17:13 [INFO] [315/382] IN_SYNC  The Longest Yard (2005).eng.srt in 53.0s (already aligned (offset +0.000s, below the 0.1s threshold); original untouched)
2026-09-03 03:17:13 [INFO] [316/382] syncing The Lord of the Rings The Fellowship of the Ring (2001).eng.srt against The Lord of the Rings The Fellowship of the Ring (2001).mkv
2026-09-03 03:18:23 [INFO] ffsubsync measured: offset -0.050s, framerate x1.000, score 276806.0
2026-09-03 03:18:23 [INFO] [316/382] IN_SYNC  The Lord of the Rings The Fellowship of the Ring (2001).eng.srt in 69.8s (already aligned (offset -0.050s, below the 0.1s threshold); original untouched)
2026-09-03 03:18:23 [INFO] [317/382] syncing The Lord of the Rings The Return of the King (2003).eng.srt against The Lord of the Rings The Return of the King (2003).mkv
2026-09-03 03:19:59 [INFO] ffsubsync measured: offset -6.810s, framerate x1.043, score 560874.3
2026-09-03 03:19:59 [INFO] [317/382] SYNCED   The Lord of the Rings The Return of the King (2003).eng.srt in 95.6s (offset -6.810s, framerate x1.043)
2026-09-03 03:19:59 [INFO] [318/382] syncing The Lord of the Rings The Two Towers (2002).eng.srt against The Lord of the Rings The Two Towers (2002).mkv
2026-09-03 03:21:19 [INFO] ffsubsync measured: offset +0.000s, framerate x1.000, score 286887.0
2026-09-03 03:21:19 [INFO] [318/382] IN_SYNC  The Lord of the Rings The Two Towers (2002).eng.srt in 80.7s (already aligned (offset +0.000s, below the 0.1s threshold); original untouched)
2026-09-03 03:21:19 [INFO] [319/382] syncing The Martian (2015).eng.srt against The Martian (2015).mkv
2026-09-03 03:22:04 [INFO] ffsubsync measured: offset +0.000s, framerate x1.000, score 92405.0
2026-09-03 03:22:04 [INFO] [319/382] IN_SYNC  The Martian (2015).eng.srt in 44.6s (already aligned (offset +0.000s, below the 0.1s threshold); original untouched)
2026-09-03 03:22:04 [INFO] [320/382] syncing The Matrix (1999).eng.srt against The Matrix (1999).mkv
2026-09-03 03:23:03 [INFO] ffsubsync measured: offset +0.000s, framerate x1.000, score 279774.0
2026-09-03 03:23:03 [INFO] [320/382] IN_SYNC  The Matrix (1999).eng.srt in 58.7s (already aligned (offset +0.000s, below the 0.1s threshold); original untouched)
2026-09-03 03:23:03 [INFO] [321/382] syncing The Maze Runner (2014).eng.srt against The Maze Runner (2014).mkv
2026-09-03 03:23:52 [INFO] ffsubsync measured: offset +0.000s, framerate x1.000, score 211054.0
2026-09-03 03:23:52 [INFO] [321/382] IN_SYNC  The Maze Runner (2014).eng.srt in 49.8s (already aligned (offset +0.000s, below the 0.1s threshold); original untouched)
2026-09-03 03:23:52 [INFO] [322/382] syncing The Nightmare Before Christmas (1993).eng.srt against The Nightmare Before Christmas (1993).mkv
2026-09-03 03:24:30 [INFO] ffsubsync measured: offset +28.850s, framerate x1.001, score -102114.5
2026-09-03 03:24:33 [INFO] fetched replacement subtitle id=229725 (The.Nightmare.Before.Christmas.1993.1080p.BluRay.DTS-ES.x264-ESiR.ENG); retrying ffsubsync
2026-09-03 03:24:47 [INFO] ffsubsync measured: offset -0.040s, framerate x1.000, score -67441.0
2026-09-03 03:24:49 [INFO] fetched replacement subtitle id=228179 (The.Nightmare.Before.Christmas.1993.1080p.BluRay.x264-CiNEFiLE.Eng); retrying ffsubsync
2026-09-03 03:25:03 [INFO] ffsubsync measured: offset +0.290s, framerate x1.000, score -80981.0
2026-09-03 03:25:05 [INFO] fetched replacement subtitle id=235893 (The.Nightmare.Before.Christmas.1993.1080p.BluRay.H264.AAC-RARBG); retrying ffsubsync
2026-09-03 03:25:19 [INFO] ffsubsync measured: offset -0.110s, framerate x1.000, score -59191.0
2026-09-03 03:25:22 [INFO] fetched replacement subtitle id=7939205 (The.Nightmare.Before.Christmas.1993.1080p.BluRay.x265-RARBG.en); retrying ffsubsync
2026-09-03 03:25:35 [INFO] ffsubsync measured: offset -0.140s, framerate x1.000, score -36757.0
2026-09-03 03:25:38 [INFO] fetched replacement subtitle id=6801502 (The.Nightmare.Before.Christmas.1993.1080p.BluRay.H264.AAC-RARBG); retrying ffsubsync
2026-09-03 03:25:51 [INFO] ffsubsync measured: offset +0.130s, framerate x1.000, score -61975.0
2026-09-03 03:25:51 [INFO] [322/382] REVIEW   The Nightmare Before Christmas (1993).eng.srt in 118.6s (ffsubsync's quality gate rejected the alignment; original kept for review)
2026-09-03 03:25:51 [INFO] [323/382] syncing The Polar Express (2004).eng.srt against The Polar Express (2004).mkv
2026-09-03 03:26:35 [INFO] ffsubsync measured: offset +0.040s, framerate x1.000, score 148474.0
2026-09-03 03:26:35 [INFO] [323/382] IN_SYNC  The Polar Express (2004).eng.srt in 44.3s (already aligned (offset +0.040s, below the 0.1s threshold); original untouched)
2026-09-03 03:26:35 [INFO] [324/382] syncing The Prestige (2006).eng.srt against The Prestige (2006).mkv
2026-09-03 03:27:11 [INFO] ffsubsync measured: offset +0.000s, framerate x1.000, score 3290.0
2026-09-03 03:27:11 [INFO] [324/382] IN_SYNC  The Prestige (2006).eng.srt in 35.6s (already aligned (offset +0.000s, below the 0.1s threshold); original untouched)
2026-09-03 03:27:11 [INFO] [325/382] syncing The Princess and the Frog (2009).eng.srt against The Princess and the Frog (2009).mkv
2026-09-03 03:27:48 [INFO] ffsubsync measured: offset +0.010s, framerate x1.000, score -7098.0
2026-09-03 03:27:52 [INFO] fetched replacement subtitle id=12634402 (The.Princess.and.the.Frog.2009.1080p.BluRay.x264-nikt0.en); retrying ffsubsync
2026-09-03 03:28:06 [INFO] ffsubsync measured: offset +0.010s, framerate x1.000, score -7098.0
2026-09-03 03:28:08 [INFO] fetched replacement subtitle id=20667 (The.Princess.and.the.Frog.2009.1080p.BluRay.Hebrew.Dubbed.Also.English.DTS.x264-Extinct); retrying ffsubsync
2026-09-03 03:28:22 [INFO] ffsubsync measured: offset -0.370s, framerate x1.000, score -20741.0
2026-09-03 03:28:25 [INFO] fetched replacement subtitle id=12634401 (The.Princess.and.the.Frog.2009.1080p.BluRay.x264-nikt0.SDH.en); retrying ffsubsync
2026-09-03 03:28:39 [INFO] ffsubsync measured: offset +0.010s, framerate x1.000, score -7962.0
2026-09-03 03:28:42 [INFO] fetched replacement subtitle id=16789 (The.Princess.And.The.Frog.2009.480p.BRRip.XviD.AC3-Rx); retrying ffsubsync
2026-09-03 03:28:55 [INFO] ffsubsync measured: offset +0.020s, framerate x1.000, score -125910.0
2026-09-03 03:28:58 [INFO] [325/382] REVIEW   The Princess and the Frog (2009).eng.srt in 104.3s (ffsubsync's quality gate rejected the alignment; original kept for review; replacement fetch stopped: no unused qualifying English SRT for a replacement fetch)
2026-09-03 03:28:58 [INFO] [326/382] syncing The Proposal (2009).eng.srt against The Proposal (2009).mkv
2026-09-03 03:29:52 [INFO] ffsubsync measured: offset +0.000s, framerate x1.000, score 45846.0
2026-09-03 03:29:52 [INFO] [326/382] IN_SYNC  The Proposal (2009).eng.srt in 54.2s (already aligned (offset +0.000s, below the 0.1s threshold); original untouched)
2026-09-03 03:29:52 [INFO] [327/382] syncing The Revenant (2015).eng.srt against The Revenant (2015).mkv
2026-09-03 03:31:12 [INFO] ffsubsync measured: offset +0.020s, framerate x1.000, score 484068.0
2026-09-03 03:31:12 [INFO] [327/382] IN_SYNC  The Revenant (2015).eng.srt in 80.4s (already aligned (offset +0.020s, below the 0.1s threshold); original untouched)
2026-09-03 03:31:12 [INFO] [328/382] syncing The Sandlot (1993).eng.srt against The Sandlot (1993).mkv
2026-09-03 03:32:16 [INFO] ffsubsync measured: offset +0.000s, framerate x1.000, score 83689.0
2026-09-03 03:32:16 [INFO] [328/382] IN_SYNC  The Sandlot (1993).eng.srt in 63.3s (already aligned (offset +0.000s, below the 0.1s threshold); original untouched)
2026-09-03 03:32:16 [INFO] [329/382] syncing The Shawshank Redemption (1994).eng.srt against The Shawshank Redemption (1994).mkv
2026-09-03 03:34:05 [INFO] ffsubsync measured: offset +0.000s, framerate x1.000, score 284827.0
2026-09-03 03:34:05 [INFO] [329/382] IN_SYNC  The Shawshank Redemption (1994).eng.srt in 109.8s (already aligned (offset +0.000s, below the 0.1s threshold); original untouched)
2026-09-03 03:34:05 [INFO] [330/382] syncing The Silence of the Lambs (1991).eng.srt against The Silence of the Lambs (1991).mkv
2026-09-03 03:34:57 [INFO] ffsubsync measured: offset +0.000s, framerate x1.000, score 183553.0
2026-09-03 03:34:57 [INFO] [330/382] IN_SYNC  The Silence of the Lambs (1991).eng.srt in 51.1s (already aligned (offset +0.000s, below the 0.1s threshold); original untouched)
2026-09-03 03:34:57 [INFO] [331/382] syncing The Sixth Sense (1999).eng.srt against The Sixth Sense (1999).mkv
2026-09-03 03:35:33 [INFO] ffsubsync measured: offset +0.000s, framerate x1.000, score 250973.0
2026-09-03 03:35:33 [INFO] [331/382] IN_SYNC  The Sixth Sense (1999).eng.srt in 36.2s (already aligned (offset +0.000s, below the 0.1s threshold); original untouched)
2026-09-03 03:35:33 [INFO] [332/382] syncing The Social Network (2010).eng.srt against The Social Network (2010).mkv
2026-09-03 03:35:59 [INFO] ffsubsync measured: offset +0.000s, framerate x1.000, score 26017.0
2026-09-03 03:35:59 [INFO] [332/382] IN_SYNC  The Social Network (2010).eng.srt in 26.0s (already aligned (offset +0.000s, below the 0.1s threshold); original untouched)
2026-09-03 03:35:59 [INFO] [333/382] syncing The Substance (2024).eng.srt against The Substance (2024).mkv
2026-09-03 03:37:10 [INFO] ffsubsync measured: offset +0.000s, framerate x1.000, score 534094.0
2026-09-03 03:37:10 [INFO] [333/382] IN_SYNC  The Substance (2024).eng.srt in 71.1s (already aligned (offset +0.000s, below the 0.1s threshold); original untouched)
2026-09-03 03:37:10 [INFO] [334/382] syncing The Terminator (1984).eng.srt against The Terminator (1984).mkv
2026-09-03 03:38:14 [INFO] ffsubsync measured: offset +0.000s, framerate x1.000, score 287652.0
2026-09-03 03:38:14 [INFO] [334/382] IN_SYNC  The Terminator (1984).eng.srt in 64.2s (already aligned (offset +0.000s, below the 0.1s threshold); original untouched)
2026-09-03 03:38:14 [INFO] [335/382] syncing The Theory of Everything (2014).eng.srt against The Theory of Everything (2014).mkv
2026-09-03 03:39:09 [INFO] ffsubsync measured: offset +0.040s, framerate x1.000, score 271853.0
2026-09-03 03:39:09 [INFO] [335/382] IN_SYNC  The Theory of Everything (2014).eng.srt in 54.6s (already aligned (offset +0.040s, below the 0.1s threshold); original untouched)
2026-09-03 03:39:09 [INFO] [336/382] syncing The Thing (1982).eng.srt against The Thing (1982).mkv
2026-09-03 03:39:56 [INFO] ffsubsync measured: offset +0.000s, framerate x1.000, score 328832.0
2026-09-03 03:39:56 [INFO] [336/382] IN_SYNC  The Thing (1982).eng.srt in 47.2s (already aligned (offset +0.000s, below the 0.1s threshold); original untouched)
2026-09-03 03:39:56 [INFO] [337/382] syncing The Truman Show (1998).eng.srt against The Truman Show (1998).mkv
2026-09-03 03:41:08 [INFO] ffsubsync measured: offset +0.000s, framerate x1.000, score 137046.0
2026-09-03 03:41:08 [INFO] [337/382] IN_SYNC  The Truman Show (1998).eng.srt in 72.0s (already aligned (offset +0.000s, below the 0.1s threshold); original untouched)
2026-09-03 03:41:08 [INFO] [338/382] syncing The Usual Suspects (1995).eng.srt against The Usual Suspects (1995).mkv
2026-09-03 03:42:20 [INFO] ffsubsync measured: offset +0.000s, framerate x1.000, score 204415.0
2026-09-03 03:42:20 [INFO] [338/382] IN_SYNC  The Usual Suspects (1995).eng.srt in 71.9s (already aligned (offset +0.000s, below the 0.1s threshold); original untouched)
2026-09-03 03:42:20 [INFO] [339/382] syncing The Wild Robot (2024).eng.srt against The Wild Robot (2024).mkv
2026-09-03 03:43:03 [INFO] ffsubsync measured: offset +0.020s, framerate x1.000, score 148928.0
2026-09-03 03:43:03 [INFO] [339/382] IN_SYNC  The Wild Robot (2024).eng.srt in 43.2s (already aligned (offset +0.020s, below the 0.1s threshold); original untouched)
2026-09-03 03:43:03 [INFO] [340/382] syncing The Wolf of Wall Street (2013).eng.srt against The Wolf of Wall Street (2013).mkv
2026-09-03 03:44:56 [INFO] ffsubsync measured: offset -0.020s, framerate x1.000, score -94394.0
2026-09-03 03:45:00 [INFO] fetched replacement subtitle id=5045328 (The Wolf of Wall Street 2013 (1080p x265 10bit Tigole).eng); retrying ffsubsync
2026-09-03 03:46:55 [INFO] ffsubsync measured: offset -1.030s, framerate x1.000, score -152650.0
2026-09-03 03:46:58 [INFO] fetched replacement subtitle id=1027576 (The.Wolf.of.Wall.Street.2013.BluRay.1080p.DTS.x264-CHD.eng); retrying ffsubsync
2026-09-03 03:48:52 [INFO] ffsubsync measured: offset -0.130s, framerate x1.000, score -137696.0
2026-09-03 03:48:55 [INFO] fetched replacement subtitle id=4983286 (The.Wolf.of.Wall.Street.2013.1080p.BluRay.x264.YIFY); retrying ffsubsync
2026-09-03 03:50:49 [INFO] ffsubsync measured: offset -0.060s, framerate x1.000, score -186449.0
2026-09-03 03:50:52 [INFO] fetched replacement subtitle id=8542781 (The Wolf of Wall Street (2013) Bluray-1080p.en); retrying ffsubsync
2026-09-03 03:52:46 [INFO] ffsubsync measured: offset -0.020s, framerate x1.000, score -137746.0
2026-09-03 03:52:49 [INFO] fetched replacement subtitle id=11075102 (The.Wolf.Of.Wall.Street.2013.1080p.BluRay.x265-YAWNTiC_eng); retrying ffsubsync
2026-09-03 03:54:43 [INFO] ffsubsync measured: offset -0.130s, framerate x1.000, score -136139.0
2026-09-03 03:54:43 [INFO] [340/382] REVIEW   The Wolf of Wall Street (2013).eng.srt in 700.0s (ffsubsync's quality gate rejected the alignment; original kept for review)
2026-09-03 03:54:43 [INFO] [341/382] syncing There Will Be Blood (2007).eng.srt against There Will Be Blood (2007).mkv
2026-09-03 03:56:17 [INFO] ffsubsync measured: offset +15.700s, framerate x1.000, score 326952.0
2026-09-03 03:56:17 [INFO] [341/382] SYNCED   There Will Be Blood (2007).eng.srt in 93.9s (offset +15.700s, framerate x1.000)
2026-09-03 03:56:17 [INFO] [342/382] syncing This Christmas (2007).eng.srt against This Christmas (2007).mkv
2026-09-03 03:56:54 [INFO] ffsubsync measured: offset -0.010s, framerate x1.000, score 109513.0
2026-09-03 03:56:54 [INFO] [342/382] IN_SYNC  This Christmas (2007).eng.srt in 37.4s (already aligned (offset -0.010s, below the 0.1s threshold); original untouched)
2026-09-03 03:56:54 [INFO] [343/382] syncing This Is the End (2013).eng.srt against This Is the End (2013).mkv
2026-09-03 03:57:39 [INFO] ffsubsync measured: offset +0.040s, framerate x1.000, score -58247.0
2026-09-03 03:57:43 [INFO] fetched replacement subtitle id=991152 (This.Is.the.End.2013.1080p.BluRay.x264.YIFY); retrying ffsubsync
2026-09-03 03:57:57 [INFO] ffsubsync measured: offset +0.040s, framerate x1.000, score -58247.0
2026-09-03 03:58:00 [INFO] fetched replacement subtitle id=11496838 (This.Is.the.End.2013.1080p.BluRay.x264.YIFY.en); retrying ffsubsync
2026-09-03 03:58:15 [INFO] ffsubsync measured: offset +0.040s, framerate x1.000, score -58326.0
2026-09-03 03:58:18 [INFO] fetched replacement subtitle id=985544 (This.is.the.End.2013.720p.BluRay.x264-SPARKS); retrying ffsubsync
2026-09-03 03:58:32 [INFO] ffsubsync measured: offset +0.040s, framerate x1.000, score -58247.0
2026-09-03 03:58:36 [INFO] fetched replacement subtitle id=985418 (This.Is.the.End.2013.720p.BluRay.x264.YIFY); retrying ffsubsync
2026-09-03 03:58:50 [INFO] ffsubsync measured: offset -0.080s, framerate x1.000, score -55034.0
2026-09-03 03:58:54 [INFO] fetched replacement subtitle id=984800 (This.is.the.End.2013.720p.BluRay.x264-SPARKS); retrying ffsubsync
2026-09-03 03:59:08 [INFO] ffsubsync measured: offset -0.080s, framerate x1.000, score -55034.0
2026-09-03 03:59:08 [INFO] [343/382] REVIEW   This Is the End (2013).eng.srt in 133.7s (ffsubsync's quality gate rejected the alignment; original kept for review)
2026-09-03 03:59:08 [INFO] [344/382] syncing Thor - Ragnarok (2017).eng.srt against Thor - Ragnarok (2017).mkv
2026-09-03 04:00:12 [INFO] ffsubsync measured: offset +0.000s, framerate x1.000, score 199956.0
2026-09-03 04:00:12 [INFO] [344/382] IN_SYNC  Thor - Ragnarok (2017).eng.srt in 63.4s (already aligned (offset +0.000s, below the 0.1s threshold); original untouched)
2026-09-03 04:00:12 [INFO] [345/382] syncing Threads (1984).eng.srt against Threads (1984).mkv
2026-09-03 04:01:02 [INFO] ffsubsync measured: offset +0.000s, framerate x1.000, score 218161.0
2026-09-03 04:01:02 [INFO] [345/382] IN_SYNC  Threads (1984).eng.srt in 50.1s (already aligned (offset +0.000s, below the 0.1s threshold); original untouched)
2026-09-03 04:01:02 [INFO] [346/382] syncing Titanic (1997).eng.srt against Titanic (1997).mkv
2026-09-03 04:03:20 [INFO] ffsubsync measured: offset +0.090s, framerate x1.000, score 311689.0
2026-09-03 04:03:20 [INFO] [346/382] IN_SYNC  Titanic (1997).eng.srt in 138.3s (already aligned (offset +0.090s, below the 0.1s threshold); original untouched)
2026-09-03 04:03:20 [INFO] [347/382] syncing Top Gun (1986).eng.srt against Top Gun (1986).mkv
2026-09-03 04:04:21 [INFO] ffsubsync measured: offset +0.040s, framerate x1.000, score 143341.0
2026-09-03 04:04:21 [INFO] [347/382] IN_SYNC  Top Gun (1986).eng.srt in 61.4s (already aligned (offset +0.040s, below the 0.1s threshold); original untouched)
2026-09-03 04:04:21 [INFO] [348/382] syncing Top Gun - Maverick (2022).eng.srt against Top Gun - Maverick (2022).mkv
2026-09-03 04:05:23 [INFO] ffsubsync measured: offset +0.000s, framerate x1.000, score 178466.0
2026-09-03 04:05:23 [INFO] [348/382] IN_SYNC  Top Gun - Maverick (2022).eng.srt in 61.7s (already aligned (offset +0.000s, below the 0.1s threshold); original untouched)
2026-09-03 04:05:23 [INFO] [349/382] syncing Toy Story (1995).eng.srt against Toy Story (1995).mkv
2026-09-03 04:06:06 [INFO] ffsubsync measured: offset +0.020s, framerate x1.000, score 60486.0
2026-09-03 04:06:06 [INFO] [349/382] IN_SYNC  Toy Story (1995).eng.srt in 43.0s (already aligned (offset +0.020s, below the 0.1s threshold); original untouched)
2026-09-03 04:06:06 [INFO] [350/382] syncing Toy Story 2 (1999).eng.srt against Toy Story 2 (1999).mkv
2026-09-03 04:06:47 [INFO] ffsubsync measured: offset +0.000s, framerate x1.000, score 29145.0
2026-09-03 04:06:47 [INFO] [350/382] IN_SYNC  Toy Story 2 (1999).eng.srt in 41.2s (already aligned (offset +0.000s, below the 0.1s threshold); original untouched)
2026-09-03 04:06:47 [INFO] [351/382] syncing Toy Story 3 (2010).eng.srt against Toy Story 3 (2010).mkv
2026-09-03 04:07:31 [INFO] ffsubsync measured: offset +0.030s, framerate x1.000, score 96132.0
2026-09-03 04:07:31 [INFO] [351/382] IN_SYNC  Toy Story 3 (2010).eng.srt in 44.2s (already aligned (offset +0.030s, below the 0.1s threshold); original untouched)
2026-09-03 04:07:31 [INFO] [352/382] syncing Toy Story 4 (2019).eng.srt against Toy Story 4 (2019).mkv
2026-09-03 04:08:22 [INFO] ffsubsync measured: offset +0.060s, framerate x1.000, score 90374.0
2026-09-03 04:08:22 [INFO] [352/382] IN_SYNC  Toy Story 4 (2019).eng.srt in 50.8s (already aligned (offset +0.060s, below the 0.1s threshold); original untouched)
2026-09-03 04:08:22 [INFO] [353/382] syncing Toy Story 5 (2026).eng.srt against Toy Story 5 (2026).mkv
2026-09-03 04:09:28 [INFO] ffsubsync measured: offset +0.000s, framerate x1.000, score 158579.0
2026-09-03 04:09:28 [INFO] [353/382] IN_SYNC  Toy Story 5 (2026).eng.srt in 65.7s (already aligned (offset +0.000s, below the 0.1s threshold); original untouched)
2026-09-03 04:09:28 [INFO] [354/382] syncing Training Day (2001).eng.srt against Training Day (2001).mkv
2026-09-03 04:10:34 [INFO] ffsubsync measured: offset +0.000s, framerate x1.000, score 135289.0
2026-09-03 04:10:34 [INFO] [354/382] IN_SYNC  Training Day (2001).eng.srt in 66.1s (already aligned (offset +0.000s, below the 0.1s threshold); original untouched)
2026-09-03 04:10:34 [INFO] [355/382] syncing Transformers (2007).eng.srt against Transformers (2007).mkv
2026-09-03 04:11:44 [INFO] ffsubsync measured: offset +0.000s, framerate x1.000, score 126466.0
2026-09-03 04:11:44 [INFO] [355/382] IN_SYNC  Transformers (2007).eng.srt in 69.9s (already aligned (offset +0.000s, below the 0.1s threshold); original untouched)
2026-09-03 04:11:44 [INFO] [356/382] syncing Transformers Dark Of The Moon (2011).eng.srt against Transformers Dark Of The Moon (2011).mkv
2026-09-03 04:13:00 [INFO] ffsubsync measured: offset +0.000s, framerate x1.000, score 149877.0
2026-09-03 04:13:00 [INFO] [356/382] IN_SYNC  Transformers Dark Of The Moon (2011).eng.srt in 75.7s (already aligned (offset +0.000s, below the 0.1s threshold); original untouched)
2026-09-03 04:13:00 [INFO] [357/382] syncing Transformers Revenge of the Fallen (2009).eng.srt against Transformers Revenge of the Fallen (2009).mkv
2026-09-03 04:14:14 [INFO] ffsubsync measured: offset +0.050s, framerate x1.000, score 40212.0
2026-09-03 04:14:14 [INFO] [357/382] IN_SYNC  Transformers Revenge of the Fallen (2009).eng.srt in 74.1s (already aligned (offset +0.050s, below the 0.1s threshold); original untouched)
2026-09-03 04:14:14 [INFO] [358/382] syncing Treasure Planet (2002).eng.srt against Treasure Planet (2002).mkv
2026-09-03 04:14:53 [INFO] ffsubsync measured: offset -0.170s, framerate x1.000, score -35667.0
2026-09-03 04:14:56 [INFO] fetched replacement subtitle id=6689816 (Treasure Planet (2002) (1080p BluRay x265 10bit Tigole)); retrying ffsubsync
2026-09-03 04:15:10 [INFO] ffsubsync measured: offset +0.020s, framerate x1.000, score 53728.0
2026-09-03 04:15:10 [INFO] [358/382] IN_SYNC  Treasure Planet (2002).eng.srt in 55.9s (already aligned (offset +0.020s, below the 0.1s threshold); original untouched)
2026-09-03 04:15:10 [INFO] [359/382] syncing TRON - Legacy (2010).eng.srt against TRON - Legacy (2010).mkv
2026-09-03 04:16:22 [INFO] ffsubsync measured: offset -39.880s, framerate x1.043, score 195123.5
2026-09-03 04:16:25 [INFO] fetched replacement subtitle id=3729388 (TRON.Legacy.2010.1080p.3D.HSBS.x264.YIFY); retrying ffsubsync
2026-09-03 04:16:45 [INFO] ffsubsync measured: offset +0.030s, framerate x1.000, score 209949.0
2026-09-03 04:16:45 [INFO] [359/382] IN_SYNC  TRON - Legacy (2010).eng.srt in 95.1s (already aligned (offset +0.030s, below the 0.1s threshold); original untouched)
2026-09-03 04:16:45 [INFO] [360/382] syncing Turtles Forever (2009).eng.srt against Turtles Forever (2009).mkv
2026-09-03 04:17:13 [INFO] [360/382] FAILED   Turtles Forever (2009).eng.srt in 25.1s (ffsubsync wrote no output file; replacement fetch stopped: no unused qualifying English SRT for a replacement fetch)
2026-09-03 04:17:13 [INFO] [361/382] syncing Twelve Monkeys (1995).eng.srt against Twelve Monkeys (1995).mkv
2026-09-03 04:18:34 [INFO] ffsubsync measured: offset +0.000s, framerate x1.000, score -21846.0
2026-09-03 04:18:38 [INFO] fetched replacement subtitle id=4470551 (Twelve.Monkeys.1995.1080p.BluRay.DTS); retrying ffsubsync
2026-09-03 04:19:59 [INFO] ffsubsync measured: offset -2.250s, framerate x1.000, score -119671.0
2026-09-03 04:20:02 [INFO] fetched replacement subtitle id=11645868 (Twelve.Monkeys.1995.1080p.BluRay); retrying ffsubsync
2026-09-03 04:21:24 [INFO] ffsubsync measured: offset -2.020s, framerate x1.000, score 26692.0
2026-09-03 04:21:24 [INFO] [361/382] SYNCED   Twelve Monkeys (1995).eng.srt in 251.1s (offset -2.020s, framerate x1.000)
2026-09-03 04:21:24 [INFO] [362/382] syncing Uncut Gems (2019).eng.srt against Uncut Gems (2019).mkv
2026-09-03 04:22:40 [INFO] ffsubsync measured: offset +0.020s, framerate x1.001, score -17815.6
2026-09-03 04:22:44 [INFO] fetched replacement subtitle id=5312639 (Uncut.Gems.2019.1080p.WEBSCRENNER.X264); retrying ffsubsync
2026-09-03 04:23:01 [INFO] ffsubsync measured: offset -0.230s, framerate x1.001, score -87232.5
2026-09-03 04:23:05 [INFO] fetched replacement subtitle id=5312671 (Uncut.Gems.2019.1080p.NF.WEB-DL.DDP5.1.x264-NTG); retrying ffsubsync
2026-09-03 04:23:23 [INFO] ffsubsync measured: offset -5.050s, framerate x1.001, score -27599.2
2026-09-03 04:23:26 [INFO] fetched replacement subtitle id=5312657 (Uncut.Gems.2019.1080p.NF.WEBRip.DD5.1.x264-FGT); retrying ffsubsync
2026-09-03 04:23:44 [INFO] ffsubsync measured: offset -5.040s, framerate x1.001, score -27686.1
2026-09-03 04:23:46 [INFO] [362/382] REVIEW   Uncut Gems (2019).eng.srt in 140.4s (ffsubsync's quality gate rejected the alignment; original kept for review; replacement fetch stopped: HTTP 406 /download: {"requests":101,"remaining":-1,"message":"You have downloaded your allowed 100 subtitles for 24h.Your quota will be renewed in 14 hours and 36 minutes (2026-09-03 23:59:59 UTC) ts=1788427425 ","reset_time":"14 hours and 36 minutes","reset_time_utc":"2026-09-03T23:59:59.000Z","uk":"app_ud_173498","uid":2,"ts":1788427425})
2026-09-03 04:23:46 [INFO] [363/382] syncing United 93 (2006).eng.srt against United 93 (2006).mkv
2026-09-03 04:24:46 [INFO] ffsubsync measured: offset +0.160s, framerate x1.000, score -26148.0
2026-09-03 04:24:48 [INFO] [363/382] REVIEW   United 93 (2006).eng.srt in 60.4s (ffsubsync's quality gate rejected the alignment; original kept for review; replacement fetch stopped: HTTP 406 /download: {"requests":101,"remaining":-1,"message":"You have downloaded your allowed 100 subtitles for 24h.Your quota will be renewed in 14 hours and 35 minutes (2026-09-04 00:00:00 UTC) ts=1788427488 ","reset_time":"14 hours and 35 minutes","reset_time_utc":"2026-09-04T00:00:00.000Z","uk":"app_ud_173498","uid":2,"ts":1788427488})
2026-09-03 04:24:48 [INFO] [364/382] syncing Us (2019).eng.srt against Us (2019).mkv
2026-09-03 04:25:20 [INFO] ffsubsync measured: offset -0.010s, framerate x1.000, score 188947.0
2026-09-03 04:25:20 [INFO] [364/382] IN_SYNC  Us (2019).eng.srt in 31.8s (already aligned (offset -0.010s, below the 0.1s threshold); original untouched)
2026-09-03 04:25:20 [INFO] [365/382] syncing V for Vendetta (2005).eng.srt against V for Vendetta (2005).mkv
2026-09-03 04:26:12 [INFO] ffsubsync measured: offset -0.070s, framerate x1.000, score 54502.0
2026-09-03 04:26:12 [INFO] [365/382] IN_SYNC  V for Vendetta (2005).eng.srt in 52.1s (already aligned (offset -0.070s, below the 0.1s threshold); original untouched)
2026-09-03 04:26:12 [INFO] [366/382] syncing WALL-E (2008).eng.srt against WALL-E (2008).mkv
2026-09-03 04:26:47 [INFO] ffsubsync measured: offset +0.000s, framerate x1.000, score 254811.0
2026-09-03 04:26:47 [INFO] [366/382] IN_SYNC  WALL-E (2008).eng.srt in 35.0s (already aligned (offset +0.000s, below the 0.1s threshold); original untouched)
2026-09-03 04:26:47 [INFO] [367/382] syncing Wallace & Gromit - The Curse of the Were-Rabbit (2005).eng.srt against Wallace & Gromit - The Curse of the Were-Rabbit (2005).mkv
2026-09-03 04:27:30 [INFO] ffsubsync measured: offset +0.000s, framerate x1.000, score 187250.0
2026-09-03 04:27:30 [INFO] [367/382] IN_SYNC  Wallace & Gromit - The Curse of the Were-Rabbit (2005).eng.srt in 43.4s (already aligned (offset +0.000s, below the 0.1s threshold); original untouched)
2026-09-03 04:27:30 [INFO] [368/382] syncing War Dogs (2016).eng.srt against War Dogs (2016).mkv
2026-09-03 04:28:18 [INFO] ffsubsync measured: offset +0.050s, framerate x1.000, score 164968.0
2026-09-03 04:28:18 [INFO] [368/382] IN_SYNC  War Dogs (2016).eng.srt in 47.7s (already aligned (offset +0.050s, below the 0.1s threshold); original untouched)
2026-09-03 04:28:18 [INFO] [369/382] syncing War for the Planet of the Apes (2017).eng.srt against War for the Planet of the Apes (2017).mkv
2026-09-03 04:29:34 [INFO] ffsubsync measured: offset +0.000s, framerate x1.000, score 475650.0
2026-09-03 04:29:34 [INFO] [369/382] IN_SYNC  War for the Planet of the Apes (2017).eng.srt in 75.9s (already aligned (offset +0.000s, below the 0.1s threshold); original untouched)
2026-09-03 04:29:34 [INFO] [370/382] syncing WarGames (1983).eng.srt against WarGames (1983).mkv
2026-09-03 04:30:44 [INFO] ffsubsync measured: offset -0.010s, framerate x1.000, score 229252.0
2026-09-03 04:30:44 [INFO] [370/382] IN_SYNC  WarGames (1983).eng.srt in 70.6s (already aligned (offset -0.010s, below the 0.1s threshold); original untouched)
2026-09-03 04:30:44 [INFO] [371/382] syncing Warrior (2011).eng.srt against Warrior (2011).mkv
2026-09-03 04:31:59 [INFO] ffsubsync measured: offset +0.870s, framerate x1.000, score -7412.0
2026-09-03 04:32:01 [INFO] [371/382] REVIEW   Warrior (2011).eng.srt in 74.6s (ffsubsync's quality gate rejected the alignment; original kept for review; replacement fetch stopped: HTTP 406 /download: {"requests":101,"remaining":-1,"message":"You have downloaded your allowed 100 subtitles for 24h.Your quota will be renewed in 14 hours and 27 minutes (2026-09-04 00:00:00 UTC) ts=1788427920 ","reset_time":"14 hours and 27 minutes","reset_time_utc":"2026-09-04T00:00:00.000Z","uk":"app_ud_173498","uid":2,"ts":1788427920})
2026-09-03 04:32:01 [INFO] [372/382] syncing We're the Millers (2013).eng.srt against We're the Millers (2013).mkv
2026-09-03 04:32:59 [INFO] ffsubsync measured: offset +0.010s, framerate x1.000, score 50256.0
2026-09-03 04:32:59 [INFO] [372/382] IN_SYNC  We're the Millers (2013).eng.srt in 57.9s (already aligned (offset +0.010s, below the 0.1s threshold); original untouched)
2026-09-03 04:32:59 [INFO] [373/382] syncing Weapons (2025).eng.srt against Weapons (2025).mkv
2026-09-03 04:34:18 [INFO] ffsubsync measured: offset +0.000s, framerate x1.000, score 329994.0
2026-09-03 04:34:18 [INFO] [373/382] IN_SYNC  Weapons (2025).eng.srt in 79.5s (already aligned (offset +0.000s, below the 0.1s threshold); original untouched)
2026-09-03 04:34:18 [INFO] [374/382] syncing When Harry Met Sally (1989).eng.srt against When Harry Met Sally (1989).mkv
2026-09-03 04:35:03 [INFO] ffsubsync measured: offset +0.060s, framerate x1.000, score 70840.0
2026-09-03 04:35:03 [INFO] [374/382] IN_SYNC  When Harry Met Sally (1989).eng.srt in 44.9s (already aligned (offset +0.060s, below the 0.1s threshold); original untouched)
2026-09-03 04:35:03 [INFO] [375/382] syncing Whiplash (2014).eng.srt against Whiplash (2014).mkv
2026-09-03 04:35:31 [INFO] ffsubsync measured: offset +0.000s, framerate x1.000, score 214468.0
2026-09-03 04:35:31 [INFO] [375/382] IN_SYNC  Whiplash (2014).eng.srt in 28.0s (already aligned (offset +0.000s, below the 0.1s threshold); original untouched)
2026-09-03 04:35:31 [INFO] [376/382] syncing Willy Wonka & the Chocolate Factory (1971).eng.srt against Willy Wonka & the Chocolate Factory (1971).mkv
2026-09-03 04:36:21 [INFO] ffsubsync measured: offset +0.000s, framerate x1.000, score 61572.0
2026-09-03 04:36:21 [INFO] [376/382] IN_SYNC  Willy Wonka & the Chocolate Factory (1971).eng.srt in 49.7s (already aligned (offset +0.000s, below the 0.1s threshold); original untouched)
2026-09-03 04:36:21 [INFO] [377/382] syncing World War Z (2013).eng.srt against World War Z (2013).mkv
2026-09-03 04:37:41 [INFO] ffsubsync measured: offset +0.040s, framerate x1.000, score 241678.0
2026-09-03 04:37:41 [INFO] [377/382] IN_SYNC  World War Z (2013).eng.srt in 80.2s (already aligned (offset +0.040s, below the 0.1s threshold); original untouched)
2026-09-03 04:37:41 [INFO] [378/382] syncing Wreck-It Ralph (2012).eng.srt against Wreck-It Ralph (2012).mkv
2026-09-03 04:38:16 [INFO] ffsubsync measured: offset -0.090s, framerate x1.000, score 61662.0
2026-09-03 04:38:16 [INFO] [378/382] IN_SYNC  Wreck-It Ralph (2012).eng.srt in 35.4s (already aligned (offset -0.090s, below the 0.1s threshold); original untouched)
2026-09-03 04:38:16 [INFO] [379/382] syncing Zathura - A Space Adventure (2005).eng.srt against Zathura - A Space Adventure (2005).mkv
2026-09-03 04:39:05 [INFO] ffsubsync measured: offset +0.030s, framerate x1.000, score 241786.0
2026-09-03 04:39:05 [INFO] [379/382] IN_SYNC  Zathura - A Space Adventure (2005).eng.srt in 48.5s (already aligned (offset +0.030s, below the 0.1s threshold); original untouched)
2026-09-03 04:39:05 [INFO] [380/382] syncing Zero Dark Thirty (2012).eng.srt against Zero Dark Thirty (2012).mkv
2026-09-03 04:40:12 [INFO] ffsubsync measured: offset +0.000s, framerate x1.000, score 321868.0
2026-09-03 04:40:12 [INFO] [380/382] IN_SYNC  Zero Dark Thirty (2012).eng.srt in 67.5s (already aligned (offset +0.000s, below the 0.1s threshold); original untouched)
2026-09-03 04:40:12 [INFO] [381/382] syncing Zootopia (2016).eng.srt against Zootopia (2016).mkv
2026-09-03 04:41:02 [INFO] ffsubsync measured: offset +0.000s, framerate x1.000, score 30390.0
2026-09-03 04:41:02 [INFO] [381/382] IN_SYNC  Zootopia (2016).eng.srt in 49.5s (already aligned (offset +0.000s, below the 0.1s threshold); original untouched)
2026-09-03 04:41:02 [INFO] [382/382] syncing Zootopia 2 (2025).eng.sdh.srt against Zootopia 2 (2025).mkv
2026-09-03 04:42:13 [INFO] ffsubsync measured: offset +0.000s, framerate x1.000, score 60316.0
2026-09-03 04:42:13 [INFO] [382/382] IN_SYNC  Zootopia 2 (2025).eng.sdh.srt in 71.2s (already aligned (offset +0.000s, below the 0.1s threshold); original untouched)
2026-09-03 04:42:13 [INFO] Report written: E:\torrents\tools\ReportsAndLogs\sync_subtitles\sync_subtitles_report.txt
2026-09-03 04:42:13 [INFO] 
2026-09-03 04:42:13 [INFO] SYNC COMPLETE
2026-09-03 04:42:13 [INFO]   Synced (replaced)   : 28
2026-09-03 04:42:13 [INFO]   Already in sync     : 337
2026-09-03 04:42:13 [INFO]   Remembered (skipped): 0
2026-09-03 04:42:13 [INFO]   Extracted (skipped) : 0
2026-09-03 04:42:13 [INFO]   Held for review     : 16
2026-09-03 04:42:13 [INFO]   Failed              : 1
2026-09-03 04:42:13 [INFO]   Skipped             : 0
2026-09-03 04:42:13 [INFO] Report: E:\torrents\tools\ReportsAndLogs\sync_subtitles\sync_subtitles_report.txt
2026-09-03 04:42:13 [ERROR] 1 failure(s); see the report for ffsubsync's error lines.
